"Txhash","Blockno","UnixTimestamp","DateTime (UTC)","From","To","ContractAddress","Value_IN","Value_OUT(MOVR)","CurrentValue @ $15.5050487376559/MOVR","TxnFee(MOVR)","TxnFee(USD)","Historical $Price/MOVR","Status","ErrCode","Method"
"0x9cc6b818fa78999746f77220da51ec11b4be7af630a9278e536a7715fc4af3a1","3341676","1672932066","2023-01-05 15:21:06","0xa50f89381301decb11f1918586f98c5f2077e3ca","0xd152f549545093347a162dce210e7293f1452150","","0","0","0","0.001118432","0.017341342669754","6.24","","","Disperse Token"
"0x8a66b61133e28bf37e80ccf5ee96ee23966e3196a80f2d4c2d09bbc6b26caeb4","3352929","1673070984","2023-01-07 05:56:24","0xd13a8fc2642ae88f3bd23eee5434ce858ec3910f","0xd152f549545093347a162dce210e7293f1452150","","0","0","0","0.006944735","0.107678454645105","6.38","","","Disperse Token"
"0x328cf51984c2a6197ce53b4b22ef75dd95412aaf928fd35ec84a28ee0b88eba7","3353775","1673081442","2023-01-07 08:50:42","0xc06ab66bfd4cc22f18cc5e060dd67daa4ae8e596","0xd152f549545093347a162dce210e7293f1452150","","0","0","0","0.0010458475","0.0162159164596556","6.38","","","Disperse Token"
"0x8a7460349ef6e2cb040b4e331bde89cf87f39344cab0e89263a3916558e76694","3356045","1673109306","2023-01-07 16:35:06","0xb60dd9fca0480c1806b25537dcfdea4fa90549ce","0xd152f549545093347a162dce210e7293f1452150","","0","0","0","0.0023025675","0.0357014213092425","6.38","","","Disperse Token"
"0xd23991f0757ef7290d94d7c873dc8dc68fd37d0a2cd8faeda03a8348c012838a","3366877","1673242764","2023-01-09 05:39:24","0x14528cc30f914d6ef521a4ee385511b24bd21348","0xd152f549545093347a162dce210e7293f1452150","","0","0","0","0.0012883975","0.019976666030974","6.64","","","Disperse Token"
"0x384b2eb7385d93b3505601a55a4a1c667adec6077d33a742f9db95895904bd41","3367712","1673253024","2023-01-09 08:30:24","0x3456a6292653f98022fd17e87f89c786399b1547","0xd152f549545093347a162dce210e7293f1452150","","0","0","0","0.0039594675","0.0613917365626646","6.64","","","Disperse Token"
"0x99adfde2416add9c0877f6f30438a968f3af6c2f4ae76e4c8900fe78017d6cd8","3367753","1673253522","2023-01-09 08:38:42","0x48a468c9455422f618e0e7ecd4e8ea25b043ddee","0xd152f549545093347a162dce210e7293f1452150","","0","0","0","0.00116017","0.0179884923939662","6.64","","","Disperse Token"
"0x7c1d6e540c073a07956178f22b28c85be2d3b9a00f0756f52c86ab3a7df8fe70","3368749","1673265810","2023-01-09 12:03:30","0xe1acf357a1d24d7153ac1d4e3c49974a6cf2c2c9","0xd152f549545093347a162dce210e7293f1452150","","0","0","0","0.00094377","0.0146331998471375","6.64","","","Disperse Token"
"0xd6ca155f0074c1433026f96f62edb73d3b9ed7d0d2b9e25cd172eb6ff6825214","3375137","1673345094","2023-01-10 10:04:54","0xefd4068f85900b3b0d26d5abe69aefcc9d757df9","0xd152f549545093347a162dce210e7293f1452150","","0","0","0","0.002045555","0.0317164299705557","6.83","","","Disperse Token"
"0xa3151182e3eb613d64343c22c9afb937dc54d38028cd9a09664cf99b3a23a747","3376785","1673365542","2023-01-10 15:45:42","0xb91e183c906a86a26212af93ab58c00aebd9e776","0xd152f549545093347a162dce210e7293f1452150","","0","0","0","0.00019132","0.00296642592448833","6.83","","","Disperse Token"
"0x6de60e8d980dfea6f30f1f4f8f13f14848a48cf2bc4c8233bd291a17315f0fc5","3377277","1673371698","2023-01-10 17:28:18","0xf41399aac0d78cc955108e12916204d90faff875","0xd152f549545093347a162dce210e7293f1452150","","0","0","0","0.0019117275","0.0296414280606171","6.83","","","Disperse Token"
"0x5723dd7f6965a61c0ace34d3a8865ec912853b6bfce9efbe6a1ed5562e79dbb8","3378845","1673391036","2023-01-10 22:50:36","0x9c182069d7cceee4599cf742ceacb395782ef951","0xd152f549545093347a162dce210e7293f1452150","","0","0","0","0.0013012375","0.0201757508567655","6.83","","","Disperse Token"
"0xe59b1ba5fcd9c7da9f3598980f6692398e37bb01bd2bdf0d751fefacf672013b","3383211","1673445048","2023-01-11 13:50:48","0x95e915f41d106b02c79d314e19bee2275b76a2d9","0xd152f549545093347a162dce210e7293f1452150","","0","0","0","0.00050332","0.00780400113063697","6.86","","","Disperse Token"
"0xda160e578ec05f831b23b821f6a2ea8e6dce2bc5c6f4ca6858842d8b63ac4f3c","3417866","1673874132","2023-01-16 13:02:12","0x61fb33ba37fca4c1ca7d3533a42d22800c8e257f","0xd152f549545093347a162dce210e7293f1452150","","0","0","0","0.00067563","0.0104756760786225","7.41","","","Disperse Token"
"0x0161a666c26ab74b5e2e595e87077e3f5fa15698adf50a7145a3f7633d75902a","3441847","1674173526","2023-01-20 00:12:06","0xc57e7d67d492e0ca161aedcc4263c3d59a01ff0d","0xd152f549545093347a162dce210e7293f1452150","","2.7","0","41.8636315916709","0.00028375","0.00439955757930986","7.90","","","Disperse Ether"
"0xa8ea31528b04e8db694b687cef42b4dc384c6465cea0893c794e5beec775966e","3451180","1674288480","2023-01-21 08:08:00","0xacea6029851d22b173de0ea7e5cbad744d9ca363","0xd152f549545093347a162dce210e7293f1452150","","0","0","0","0.0003518075","0.00545479243377288","7.98","","","Disperse Token"
"0xadf606dd2aba619f07fddf1294f7bb76e2b85cff2c8692a258f57ec1a06fa352","3453161","1674312894","2023-01-21 14:54:54","0xaef18c8794ca00e914e318743732ae4e32c1b614","0xd152f549545093347a162dce210e7293f1452150","","0","0","0","0.0029062675","0.0450618192321654","7.98","","","Disperse Token"
"0x05e6fb64c471c0c11d0ab8c75f0513459f504581db6565011f355b38b40ca922","3466147","1674472968","2023-01-23 11:22:48","0x95e915f41d106b02c79d314e19bee2275b76a2d9","0xd152f549545093347a162dce210e7293f1452150","","0","0","0","0.000351315","0.00544715619726958","8.28","","","Disperse Token"
"0xeedf5b3e23667a6ccd092633bde77dcd2ddc9241827f91fb36e19c8dc2ba319a","3466270","1674474498","2023-01-23 11:48:18","0x61fb33ba37fca4c1ca7d3533a42d22800c8e257f","0xd152f549545093347a162dce210e7293f1452150","","0","0","0","0.00085392","0.0132400712180591","8.28","","","Disperse Token"
"0x5c4f23d45e998d3f0068c4534b7b6ebf3b90f5eac6d7b3018787d8447eeaca7f","3515014","1675072338","2023-01-30 09:52:18","0x61fb33ba37fca4c1ca7d3533a42d22800c8e257f","0xd152f549545093347a162dce210e7293f1452150","","0","0","0","0.00066747","0.0103491548809232","8.33","","","Disperse Token"
"0xc8b8b43529797d7739297af3e770abd839fd9fd85a3d8e87bc17e02b4bf371b8","3530962","1675268292","2023-02-01 16:18:12","0x94bff25def1024a312df3f5394aff85985f3befd","0xd152f549545093347a162dce210e7293f1452150","","0","0","0","0.00075306","0.0116762320023792","8.68","","","Disperse Token"
"0x118fbe492ac015bcf975c116afea5c7345123e020dfb5313cb3cd7e90736cf7d","3536908","1675341036","2023-02-02 12:30:36","0xa50f89381301decb11f1918586f98c5f2077e3ca","0xd152f549545093347a162dce210e7293f1452150","","0","0","0","0.002951795","0.045767725338569","8.48","","","Disperse Token"
"0xfabfcb4e4a00ee170bd5c683e521e0ef76d326cf1ea955132fa2bf6ccfbdf928","3543375","1675420410","2023-02-03 10:33:30","0xa9db645b9ee2b98372ccda26c8eebf347c880e40","0xd152f549545093347a162dce210e7293f1452150","","0","0","0","0.0007797725","0.0120904106167838","8.78","","","Disperse Token"
"0xbef900f067e6ebf201703e9be262ef0080a5e80a6ccc5620f58ec22d0d3b3169","3564833","1675682946","2023-02-06 11:29:06","0x61fb33ba37fca4c1ca7d3533a42d22800c8e257f","0xd152f549545093347a162dce210e7293f1452150","","0","0","0","0.00103218","0.0160040012060337","8.95","","","Disperse Token"
"0xd8bea07c4d51cdd604da4cd539a5133dcbb8dca2bd57a620f7336d7cf1b6a046","3565054","1675685622","2023-02-06 12:13:42","0x3456a6292653f98022fd17e87f89c786399b1547","0xd152f549545093347a162dce210e7293f1452150","","0","0","0","0.0039594675","0.0613917365626646","8.95","","","Disperse Token"
"0x7902b86209384ebfa52b08803f44e31fae4ffc315ce015bd96bf1a9c0318b967","3570387","1675750740","2023-02-07 06:19:00","0xd13a8fc2642ae88f3bd23eee5434ce858ec3910f","0xd152f549545093347a162dce210e7293f1452150","","0","0","0","0.006859235","0.106352772978035","9.50","","","Disperse Token"
"0xa071a79b3d625d9fbcd4d5b5efd48178680d4d8feb878a786271cb5e9ab565f4","3578339","1675848006","2023-02-08 09:20:06","0x48a468c9455422f618e0e7ecd4e8ea25b043ddee","0xd152f549545093347a162dce210e7293f1452150","","0","0","0","0.0012886","0.0199798058033434","9.69","","","Disperse Token"
"0x789c65c1e93feff11eb9a273c00d4fe8caeb71b4181bedcf2467b614657b5ad1","3579529","1675862526","2023-02-08 13:22:06","0xc06ab66bfd4cc22f18cc5e060dd67daa4ae8e596","0xd152f549545093347a162dce210e7293f1452150","","0","0","0","0.0010030975","0.0155530756261208","9.69","","","Disperse Token"
"0x6bee4fdde626124daecadcd6196aaa21d944fc49c7582f6038fb34ec41ebc961","3586915","1675953264","2023-02-09 14:34:24","0xefd4068f85900b3b0d26d5abe69aefcc9d757df9","0xd152f549545093347a162dce210e7293f1452150","","0","0","0","0.002045555","0.0317164299705557","8.80","","","Disperse Token"
"0xbabb4748ec33cd570c1acd509240326b9675f823139f887226043eeca86e4001","3590575","1675998168","2023-02-10 03:02:48","0x14528cc30f914d6ef521a4ee385511b24bd21348","0xd152f549545093347a162dce210e7293f1452150","","0","0","0","0.0012888475","0.019983643302906","8.56","","","Disperse Token"
"0x067226740a04b5401af25e99d3892f3bf79b92336f40976c2ec38d8d7a9ce815","3614948","1676296668","2023-02-13 13:57:48","0x61fb33ba37fca4c1ca7d3533a42d22800c8e257f","0xd152f549545093347a162dce210e7293f1452150","","0","0","0","0.0006359656707012","0.00986067871969813","8.32","","","Disperse Token"
"0xdcc62b6ff7a381bdac9b7b6cb7d568e6d43fc9277b63b616c14ed40955cac6e1","3657079","1676812116","2023-02-19 13:08:36","0x637e21ac11f0e0cf95d926d6bd2737b059a2858a","0xd152f549545093347a162dce210e7293f1452150","","0","0","0","0.00287297","0.0445455398718233","11.01","","","Disperse Token"
"0x1c9d35177d389357be73ba634eff35b999be0cebb219472f31f579feb97c519d","3664670","1676905272","2023-02-20 15:01:12","0x61fb33ba37fca4c1ca7d3533a42d22800c8e257f","0xd152f549545093347a162dce210e7293f1452150","","0","0","0","0.00061086","0.00947141407188448","11.62","","","Disperse Token"
"0x75f8d85b69db93ac08689e9bb2eea1f469a0b6f13168aa9a3f68bbb508fe3312","3686453","1677174690","2023-02-23 17:51:30","0x69bbbfde43c49fc50f5647223da5ef4756d78659","0xd152f549545093347a162dce210e7293f1452150","","0","0","0","0.0005160725","0.00800172926466392","11.10","","","Disperse Token"
"0x2504a2bb4725774b29ae273da0774eccafbdad251698efe5a53867dfcc913457","3686494","1677175182","2023-02-23 17:59:42","0x69bbbfde43c49fc50f5647223da5ef4756d78659","0xd152f549545093347a162dce210e7293f1452150","","0","0","0","0.0003783275","0.00586598632629551","11.10","","","Disperse Token"
"0x119238cdde979b8e58add7bdd5542ddc09a8e38eee4aa86745b607906e8334af","3714639","1677521364","2023-02-27 18:09:24","0x61fb33ba37fca4c1ca7d3533a42d22800c8e257f","0xd152f549545093347a162dce210e7293f1452150","","0","0","0","0.00064833","0.0100523882480844","10.18","","","Disperse Token"
"0x70d62eea1063bd9e9546e3c1ea8891f0587b59fbf9d68268b0832b0ff629754c","3739532","1677830700","2023-03-03 08:05:00","0xa50f89381301decb11f1918586f98c5f2077e3ca","0xd152f549545093347a162dce210e7293f1452150","","0","0","0","0.002823545","0.0437792028379646","9.18","","","Disperse Token"
"0x357df8d04c8e7c8606f4be6c1ca92d73f8a74faf05b7046cb91d687658a5e3a3","3747463","1677927576","2023-03-04 10:59:36","0xc06ab66bfd4cc22f18cc5e060dd67daa4ae8e596","0xd152f549545093347a162dce210e7293f1452150","","0","0","0","0.0010890475","0.0168857345651223","9.23","","","Disperse Token"
"0x0210500d11eedda9d3108e7510475ad2e69d7262c707bd62645cd3145460bb2d","3761194","1678095852","2023-03-06 09:44:12","0x3456a6292653f98022fd17e87f89c786399b1547","0xd152f549545093347a162dce210e7293f1452150","","0","0","0","0.0039167175","0.0607288957291298","9.04","","","Disperse Token"
"0x83aa76fa89b1683e41dc81664181260467bafda64ef90bdcba665d90093f5ea6","3761790","1678103154","2023-03-06 11:45:54","0x61fb33ba37fca4c1ca7d3533a42d22800c8e257f","0xd152f549545093347a162dce210e7293f1452150","","0","0","0","0.00075105","0.0116450668544165","9.04","","","Disperse Token"
"0x8164b51886b5c4d7bb946e430734096240d5e548a96cc82698609e84eedac364","3766922","1678165896","2023-03-07 05:11:36","0xd13a8fc2642ae88f3bd23eee5434ce858ec3910f","0xd152f549545093347a162dce210e7293f1452150","","0","0","0","0.006901985","0.10701561381157","8.86","","","Disperse Token"
"0xd0a0567021653b4a4ab5eebc728f2f99b4ecca39e56668aa82b612726aa29b1d","3775162","1678266624","2023-03-08 09:10:24","0x48a468c9455422f618e0e7ecd4e8ea25b043ddee","0xd152f549545093347a162dce210e7293f1452150","","0","0","0","0.00116035","0.017991283302739","8.32","","","Disperse Token"
"0xf03a50dd7338022ed75dcfe72a0a7ed57965566a986fc33278f87cd18550df27","3775730","1678273536","2023-03-08 11:05:36","0xb50c99e23d8f2fdfdafac3c57960863b633b2b20","0xd152f549545093347a162dce210e7293f1452150","","0","0","0","0.0010540125","0.0163425151825985","8.32","","","Disperse Token"
"0x17730b5c5191255da7390ec02d831f78782eab7f06d0799d9f3d23fc42b25f20","3783444","1678368192","2023-03-09 13:23:12","0x14528cc30f914d6ef521a4ee385511b24bd21348","0xd152f549545093347a162dce210e7293f1452150","","0","0","0","0.0012947925","0.0200758208176513","7.85","","","Disperse Token"
"0x7a421788d8e371f9186652c96f0a68e515bfeeb62f350ffbf0782ba62d40bdc7","3783448","1678368240","2023-03-09 13:24:00","0xa50f89381301decb11f1918586f98c5f2077e3ca","0xd152f549545093347a162dce210e7293f1452150","","0","0","0","0.002780795","0.0431163620044298","7.85","","","Disperse Token"
"0x47ee161dc20d227e8c98a819a374582d07d3ac42638ab694c69bfe310e042b55","3790804","1678471063","2023-03-10 17:57:43","0xefd4068f85900b3b0d26d5abe69aefcc9d757df9","0xd152f549545093347a162dce210e7293f1452150","","0","0","0","0.002088335","0.0323797359555526","7.76","","","Disperse Token"
"0x50219bfafe19b960b7333fbd283e8955687826823d60781905eecaf68116a134","3816992","1678796046","2023-03-14 12:14:06","0x61fb33ba37fca4c1ca7d3533a42d22800c8e257f","0xd152f549545093347a162dce210e7293f1452150","","0","0","0","0.0007266","0.0112659684127808","8.68","","","Disperse Token"
"0x2ec85a6d11dae6c75835a1a8990a17896d320a33d02b37249603798654b4488f","3859310","1679312514","2023-03-20 11:41:54","0x61fb33ba37fca4c1ca7d3533a42d22800c8e257f","0xd152f549545093347a162dce210e7293f1452150","","0","0","0","0.001219449","0.0189076161780857","8.38","","","Disperse Token"
"0xe3dfd192dc266fb4e42f9cda783ff18642566840357894beda6790c10d6494c9","3871420","1679460330","2023-03-22 04:45:30","0x637e21ac11f0e0cf95d926d6bd2737b059a2858a","0xd152f549545093347a162dce210e7293f1452150","","0","0","0","0.002782384","0.043140999526874","8.25","","","Disperse Token"
"0x9c9fe1b9b32c71d43cb17ab37af7f5c70c7155fc48ad681892c1c5342142c00b","3907834","1679906412","2023-03-27 08:40:12","0x9c182069d7cceee4599cf742ceacb395782ef951","0xd152f549545093347a162dce210e7293f1452150","","0","0","0","0.00169223275","0.0262381512642075","7.95","","","Disperse Token"
"0x4185362dd6af5bdbe8e25dc4e64a0455f5385f413d27d21a548c02cb768e3ee2","3912094","1679958636","2023-03-27 23:10:36","0xf41399aac0d78cc955108e12916204d90faff875","0xd152f549545093347a162dce210e7293f1452150","","0","0","0","0.00219652125","0.0340571690345469","7.95","","","Disperse Token"
"0xa9c10260bd556dfe9019e4ee3c66201476ed8d696570c6fa1cf0977d1d987a83","3915220","1679996850","2023-03-28 09:47:30","0x61fb33ba37fca4c1ca7d3533a42d22800c8e257f","0xd152f549545093347a162dce210e7293f1452150","","0","0","0","0.001023297","0.0158662698580971","8.04","","","Disperse Token"
"0x8befcdd41c73192d7d7cee5579022c2eac6cb6e23f1027073ff1c3bdf2095f6d","3948004","1680402066","2023-04-02 02:21:06","0xaef18c8794ca00e914e318743732ae4e32c1b614","0xd152f549545093347a162dce210e7293f1452150","","0","0","0","0.00352666325","0.0546810855725499","8.19","","","Disperse Token"
"0x8a53fc9684ce3f6fe56dc8b9b55d7a3ab4a5edeec426b58df15d2b3ebb9a2801","3958629","1680534319","2023-04-03 15:05:19","0x61fb33ba37fca4c1ca7d3533a42d22800c8e257f","0xd152f549545093347a162dce210e7293f1452150","","0","0","0","0.001023363","0.0158672931913138","8.14","","","Disperse Token"
"0x840a9dc5dabf9dbd5e6a882e2b71223fc61d18357afa12aea9b535d44958ba16","3981048","1680817074","2023-04-06 21:37:54","0xc06ab66bfd4cc22f18cc5e060dd67daa4ae8e596","0xd152f549545093347a162dce210e7293f1452150","","0","0","0","0.00119811725","0.0185768663546763","8.29","","","Disperse Token"
"0x30ca8e8f63280b3ab23fd6c8647fc1e3edcab4c97c8b8cb7934a6ababc5efdb4","3984397","1680858378","2023-04-07 09:06:18","0xd13a8fc2642ae88f3bd23eee5434ce858ec3910f","0xd152f549545093347a162dce210e7293f1452150","","0","0","0","0.0075451585","0.116988050275839","8.18","","","Disperse Token"
"0xadade75d3527caf54300fa952ddbb00c3698410c52fa3dd2f38260287b6336c4","4011840","1681197690","2023-04-11 07:21:30","0x48a468c9455422f618e0e7ecd4e8ea25b043ddee","0xd152f549545093347a162dce210e7293f1452150","","0","0","0","0.001229327","0.0190607750495163","8.80","","","Disperse Token"
"0x486766aa114e8e4327e23faa6b708a9cef0d9d0dba9f724cfc7fc9a7e5e16bc6","4012746","1681208886","2023-04-11 10:28:06","0x61fb33ba37fca4c1ca7d3533a42d22800c8e257f","0xd152f549545093347a162dce210e7293f1452150","","0","0","0","0.000967329","0.0149984832903479","8.80","","","Disperse Token"
"0x639533456f2fe667e4e9349ec02af96ba947319bbf1a46d74ddfdda937e85b5c","4014510","1681230426","2023-04-11 16:27:06","0x95e915f41d106b02c79d314e19bee2275b76a2d9","0xd152f549545093347a162dce210e7293f1452150","","0","0","0","0.0003863805","0.00599084848377985","8.80","","","Disperse Token"
"0xd3acf88c9669e095a9255a1d8cf7f8d6502a5e95fec325782b2fa642089bf18d","4021558","1681317234","2023-04-12 16:33:54","0xefd4068f85900b3b0d26d5abe69aefcc9d757df9","0xd152f549545093347a162dce210e7293f1452150","","0","0","0","0.0022971355","0.0356171978844996","8.57","","","Disperse Token"
"0x52b80b9a7c7dfad9de295c7e24bb5a04996c17fd54ea8f491bf87ebf243854e8","4024492","1681353426","2023-04-13 02:37:06","0x14528cc30f914d6ef521a4ee385511b24bd21348","0xd152f549545093347a162dce210e7293f1452150","","0","0","0","0.00142423875","0.0220828912328081","8.59","","","Disperse Token"
"0x36f566996be0de6cdc434d13bc2420667f9599976b394c950801da75d8061463","4041173","1681558776","2023-04-15 11:39:36","0x3456a6292653f98022fd17e87f89c786399b1547","0xd152f549545093347a162dce210e7293f1452150","","0","0","0","0.004390515927735","0.0680751634429857","9.12","","","Disperse Token"
"0x0c2fdbe82670e42ffa9b57dda9afc368582d899f4966597d6b435e54dfaf6a74","4056331","1681746901","2023-04-17 15:55:01","0x61fb33ba37fca4c1ca7d3533a42d22800c8e257f","0xd152f549545093347a162dce210e7293f1452150","","0","0","0","0.001051413","0.016302209808405","8.94","","","Disperse Token"
"0x3ac1d0e5d273348301562c60049e2a00a01dbce0d5b721905900a6c7a4f75ee7","4067968","1681891140","2023-04-19 07:59:00","0xb60dd9fca0480c1806b25537dcfdea4fa90549ce","0xd152f549545093347a162dce210e7293f1452150","","0","0","0","0.0027480475","0.0426086104208935","8.44","","","Disperse Token"
"0xda6d5fa401ad729d4227ab0aadfefbd013875dd47f27c018af02c7901b44fdb5","4125423","1682608590","2023-04-27 15:16:30","0x61fb33ba37fca4c1ca7d3533a42d22800c8e257f","0xd152f549545093347a162dce210e7293f1452150","","0","0","0","0.00107943","0.0167366147588879","7.68","","","Disperse Token"
"0xbff3fb34e9e3d872e4694d3f704f5e5a21c3efa4f9de20e934646026e15161da","4151154","1682936359","2023-05-01 10:19:19","0xdc6875c6f991889c2dccb0dc2d2711f8a0ef3a1a","0xd152f549545093347a162dce210e7293f1452150","","0.003","0","0.0465151462129677","0.000088792","0.00137672428751394","7.22","","","Disperse Ether"
"0xe439a134ebcb3f419cba766ec333c004462fe8e22088fc20fa49aecd69b8cf28","4165340","1683115944","2023-05-03 12:12:24","0x61fb33ba37fca4c1ca7d3533a42d22800c8e257f","0xd152f549545093347a162dce210e7293f1452150","","0","0","0","0.00131733765","0.0204253844671991","7.40","","","Disperse Token"
"0xbab38814fde4a5971b938b791e55075ed4ebcc63f2e58bd2bfe79627646fe467","4195908","1683506604","2023-05-08 00:43:24","0x781a5f7ab393c2007cb08578efc4a9a541cdd73a","0xd152f549545093347a162dce210e7293f1452150","","5.1","0","79.0757485620451","0.000088792","0.00137672428751394","6.56","","","Disperse Ether"
"0x80a48fa97352577746712399ab066305bc3191595014aef86f7ee085582d3144","4207488","1683653226","2023-05-09 17:27:06","0xdc6875c6f991889c2dccb0dc2d2711f8a0ef3a1a","0xd152f549545093347a162dce210e7293f1452150","","0.0002","0","0.00310100974753118","0.000088759","0.0013762126209056","6.51","","","Disperse Ether"
"0x94ad95fce8e939e345b716e5e51f6df3b1c25b3f77a4bad20b3bd809dd4cdfb5","4207491","1683653262","2023-05-09 17:27:42","0xdc6875c6f991889c2dccb0dc2d2711f8a0ef3a1a","0xd152f549545093347a162dce210e7293f1452150","","0.0003","0","0.00465151462129677","0.000088792","0.00137672428751394","6.51","","","Disperse Ether"
"0x93acad16f89a6238ade72b9fb568335127f20223d677bc898894a102779af0a9","4207497","1683653335","2023-05-09 17:28:55","0xdc6875c6f991889c2dccb0dc2d2711f8a0ef3a1a","0xd152f549545093347a162dce210e7293f1452150","","0.0003","0","0.00465151462129677","0.000088792","0.00137672428751394","6.51","","","Disperse Ether"
"0x26353904601eb64b6f5a83b9fba4605882837772f7c5187b13349098b0cbc59c","4207505","1683653442","2023-05-09 17:30:42","0xdc6875c6f991889c2dccb0dc2d2711f8a0ef3a1a","0xd152f549545093347a162dce210e7293f1452150","","0.0003","0","0.00465151462129677","0.000088792","0.00137672428751394","6.51","","","Disperse Ether"
"0x75309dbb75906abf1ef4939b5db9b96a6f98ef8605251f90b0deb6b40a95e43e","4207511","1683653526","2023-05-09 17:32:06","0xdc6875c6f991889c2dccb0dc2d2711f8a0ef3a1a","0xd152f549545093347a162dce210e7293f1452150","","0.0003","0","0.00465151462129677","0.000088792","0.00137672428751394","6.51","","","Disperse Ether"
"0x7ee733552ec5d2258e127a67208178ad13eb46642ef263c34ebfb64c04be22d8","4207516","1683653586","2023-05-09 17:33:06","0xdc6875c6f991889c2dccb0dc2d2711f8a0ef3a1a","0xd152f549545093347a162dce210e7293f1452150","","0.0003","0","0.00465151462129677","0.000088759","0.0013762126209056","6.51","","","Disperse Ether"
"0x7a8d597b68b61743203fd105cb3fde02d3d8c4bb890fa3ce1d83152cf9235ed1","4207521","1683653653","2023-05-09 17:34:13","0xdc6875c6f991889c2dccb0dc2d2711f8a0ef3a1a","0xd152f549545093347a162dce210e7293f1452150","","0.0003","0","0.00465151462129677","0.000088792","0.00137672428751394","6.51","","","Disperse Ether"
"0x5f266bfa5d6a823de98d207674c00994ea613a45161e2c8f91aeb1410d67ba46","4212285","1683714193","2023-05-10 10:23:13","0x61fb33ba37fca4c1ca7d3533a42d22800c8e257f","0xd152f549545093347a162dce210e7293f1452150","","0","0","0","0.000685113","0.0106227104558016","6.61","","","Disperse Token"
"0xff2924dfbc3392b0a0b5ac8780b534c1443d1e862d5f8b6c09f79192a7e46e03","4252794","1684233108","2023-05-16 10:31:48","0x61fb33ba37fca4c1ca7d3533a42d22800c8e257f","0xd152f549545093347a162dce210e7293f1452150","","0","0","0","0.000816222","0.012655561890747","6.51","","","Disperse Token"
"0xc2886b4111bd2e4d586a6d59ca14229029885c335e65db3d80181db44ed70016","4295070","1684767546","2023-05-22 14:59:06","0x61fb33ba37fca4c1ca7d3533a42d22800c8e257f","0xd152f549545093347a162dce210e7293f1452150","","0","0","0","0.000480084","0.00744372581816879","6.41","","","Disperse Token"
"0x182fbb0aee54dfeb0a0794a2281e7a5e2477e2e535a6c8a7e4f0af02a7e9fc95","4343875","1685368668","2023-05-29 13:57:48","0x61fb33ba37fca4c1ca7d3533a42d22800c8e257f","0xd152f549545093347a162dce210e7293f1452150","","0","0","0","0.01120284","0.173700580200161","6.53","","","Disperse Token"
"0x4725e1dabb7751a81537b47214582cbc8c8d77b545225c3e2d41217bbb8de5a7","4378840","1685795232","2023-06-03 12:27:12","0x637e21ac11f0e0cf95d926d6bd2737b059a2858a","0xd152f549545093347a162dce210e7293f1452150","","0","0","0","0.00273526","0.0424103396101607","6.31","","","Disperse Token"
"0xe0781224556229ad5aac6f62a059686723f66b7257422f20cda6167125a992b1","4402584","1686085296","2023-06-06 21:01:36","0x61fb33ba37fca4c1ca7d3533a42d22800c8e257f","0xd152f549545093347a162dce210e7293f1452150","","0","0","0","0.013813515","0.214179223313341","6.14","","","Disperse Token"
"0x71d251fd99f157c10a74714792ebf225fb6b58d29509e8bb3c38a6623121107a","4408477","1686157128","2023-06-07 16:58:48","0x61fb33ba37fca4c1ca7d3533a42d22800c8e257f","0xd152f549545093347a162dce210e7293f1452150","","0","0","0","0.01036398","0.160694015016091","5.67","","","Disperse Token"
"0x4024790aa4e712bde2bcfed5408e18203349f0e8bb41c40d6ef5adaba009939c","4420623","1686304920","2023-06-09 10:02:00","0xd144218cbea61189117869b6da9d4bac6c3ff663","0xd152f549545093347a162dce210e7293f1452150","","1.3","0","20.1565633589527","0.00126463077","0.0196081617239893","5.73","","","Disperse Ether"
"0x13f0ccc6aad2067669c42d86edcbac64d44f6c6bbbd4ef3760fab9459eba409b","4443279","1686581172","2023-06-12 14:46:12","0x61fb33ba37fca4c1ca7d3533a42d22800c8e257f","0xd152f549545093347a162dce210e7293f1452150","","0","0","0","0.0185115","0.287021709707117","4.91","","","Disperse Token"
"0xecec4da085733d8eb190a3f9f3196d41e944cda86f35ca771f3f061315a45582","4490862","1687160556","2023-06-19 07:42:36","0x460a6e376bcf6673aa4eb14060e726c8553c837d","0xd152f549545093347a162dce210e7293f1452150","","2.32","0","35.9717130713617","0.0025439275","0.0394437198725631","5.12","","","Disperse Ether"
"0x7c0e3f6a0bc99e37198ecb0a401d13b1937ed4ae070c2e289655c7a1dd1702ba","4493152","1687188300","2023-06-19 15:25:00","0x61fb33ba37fca4c1ca7d3533a42d22800c8e257f","0xd152f549545093347a162dce210e7293f1452150","","0","0","0","0.00963705","0.149422929937227","5.12","","","Disperse Token"
"0x32f2d5e266277b85d64650c29bcc01753593047a5092e721d43fbc511fcb2000","4541053","1687770432","2023-06-26 09:07:12","0x460a6e376bcf6673aa4eb14060e726c8553c837d","0xd152f549545093347a162dce210e7293f1452150","","8.7","0","134.893924017606","0.00076356188828909","0.0118390642921389","5.64","","","Disperse Ether"
"0x7a46f76aa1664cf81d91a77831eb3e76636c351eb221f92fb1a9c26fab136c3e","4547310","1687846596","2023-06-27 06:16:36","0x460a6e376bcf6673aa4eb14060e726c8553c837d","0xd152f549545093347a162dce210e7293f1452150","","2","0","31.0100974753118","0.0001545625","0.00239649909551394","5.95","","","Disperse Ether"
"0x486c3c4509cde67de45bda12ac8c7ca5e4ec5ea889f668adc53625ae9c0367fa","4548829","1687865040","2023-06-27 11:24:00","0x61fb33ba37fca4c1ca7d3533a42d22800c8e257f","0xd152f549545093347a162dce210e7293f1452150","","0","0","0","0.015379305","0.238456873576275","5.95","","","Disperse Token"
"0xbb549ddd41d67d77138d53ae405c7ec09c63e02a891cc0fb849f0d3fdb3888ca","4554001","1687927830","2023-06-28 04:50:30","0x460a6e376bcf6673aa4eb14060e726c8553c837d","0xd152f549545093347a162dce210e7293f1452150","","9.2","0","142.646448386434","0.0006112975","0.00947819753070721","5.65","","","Disperse Ether"
"0x7b71e6638841950fb11be015ed0d719de2a348ee23644803386faa69dd64cb74","4605853","1688557158","2023-07-05 11:39:18","0x61fb33ba37fca4c1ca7d3533a42d22800c8e257f","0xd152f549545093347a162dce210e7293f1452150","","0","0","0","0.01903425","0.295126973934727","5.99","","","Disperse Token"
"0x1048a78713c479b71272a830ccd5fea650de81dae766d5e62cd9082cd5e040d3","4624837","1688788134","2023-07-08 03:48:54","0x035dc03524a158e266498d876a7258745dcab878","0xd152f549545093347a162dce210e7293f1452150","","1.1922","0","18.4851191050334","0.000479740995","0.00743840750892654","5.32","","","Disperse Ether"
"0x096caf58728ac582c76700fa7ce6081149cd33862300ea1d5e4338abf7c64436","4624950","1688789508","2023-07-08 04:11:48","0x035dc03524a158e266498d876a7258745dcab878","0xd152f549545093347a162dce210e7293f1452150","","2.71525","0","42.1000835849202","0.00099779949","0.0154709297228582","5.32","","","Disperse Ether"
"0x4cd8592180dd441bc2c0b4f04c9b89f57dd2c30926a59ea035293a5c35b251f9","4625000","1688790108","2023-07-08 04:21:48","0x035dc03524a158e266498d876a7258745dcab878","0xd152f549545093347a162dce210e7293f1452150","","0.35","0","5.42676705817956","0.00016885638","0.00261812640156414","5.32","","","Disperse Ether"
"0xabd682098170a71e22677613f0d98b7d80d0b34b8d8dd5426fc401f9b6a2db4b","4636409","1688928576","2023-07-09 18:49:36","0x035dc03524a158e266498d876a7258745dcab878","0xd152f549545093347a162dce210e7293f1452150","","0.1","0","1.55050487376559","0.00008885683236672","0.00137772951651971","5.24","","","Disperse Ether"
"0xcace593b7e9489ba75177fbe7718ac6115959890a261679ebde696d8b5f53720","4642459","1689001866","2023-07-10 15:11:06","0x61fb33ba37fca4c1ca7d3533a42d22800c8e257f","0xd152f549545093347a162dce210e7293f1452150","","0","0","0","0.015380535","0.238475944786222","5.19","","","Disperse Token"
"0xdaf98ef1609380446968f57011eb29692a977469d23092b5f268be05839d0e0d","4686809","1689541003","2023-07-16 20:56:43","0x69bbbfde43c49fc50f5647223da5ef4756d78659","0xd152f549545093347a162dce210e7293f1452150","","0.8","0","12.4040389901247","0.000304299245945988","0.00471817463922448","5.13","","","Disperse Ether"
"0x123213f2f32a9a7503ec3a2061c38f7f4ad5ce7e89929a7e87c417bf1d2493d9","4686824","1689541176","2023-07-16 20:59:36","0x69bbbfde43c49fc50f5647223da5ef4756d78659","0xd152f549545093347a162dce210e7293f1452150","","1.2","0","18.6060584851871","0.000292908089669904","0.00454155420598555","5.13","","","Disperse Ether"
"0x18dbdf09cd15b927b62418fabc1216b6c3c3473edb4e1b3a42b38c6ccd4e0d7c","4690507","1689585906","2023-07-17 09:25:06","0x69bbbfde43c49fc50f5647223da5ef4756d78659","0xd152f549545093347a162dce210e7293f1452150","","0.8","0","12.4040389901247","0.000184920255","0.00286719756635476","5.21","","","Disperse Ether"
"0xeecaf1801b3804c858fc131dacc2d799e4b7147df55552a5631f70a6c6115843","4706404","1689779688","2023-07-19 15:14:48","0x61fb33ba37fca4c1ca7d3533a42d22800c8e257f","0xd152f549545093347a162dce210e7293f1452150","","0","0","0","0.00079448094","0.0123184656958387","5.03","","","Disperse Token"
"0xcc5da34b3331e3d9e91c04923a8f721ea8b3473fbb57f13ab9e9d23e08d64c5a","4740598","1690195182","2023-07-24 10:39:42","0x61fb33ba37fca4c1ca7d3533a42d22800c8e257f","0xd152f549545093347a162dce210e7293f1452150","","0","0","0","0.000944386891218936","0.0146427647755529","4.86","","","Disperse Token"
"0xfc37f2e49c8f7dd4f5641f8beda79a5617126065882ab035deaae6f47d8fa5de","4763859","1690478646","2023-07-27 17:24:06","0xdc6875c6f991889c2dccb0dc2d2711f8a0ef3a1a","0xd152f549545093347a162dce210e7293f1452150","","0.005","0","0.0775252436882795","0.00009516888","0.00147559812270813","5.01","","","Disperse Ether"
"0xe50ae5dcbb6ca995cf2349a1d29ecdc027e698bdc1b056517c2ff497928e3f44","4763866","1690478730","2023-07-27 17:25:30","0xdc6875c6f991889c2dccb0dc2d2711f8a0ef3a1a","0xd152f549545093347a162dce210e7293f1452150","","0.01","0","0.155050487376559","0.0000934898547","0.00144956475359987","5.01","","","Disperse Ether"
"0xd2d77386974addf60d80298e92d7c517e8be187010b1955fc389d9226200b43c","4790475","1690802730","2023-07-31 11:25:30","0x61fb33ba37fca4c1ca7d3533a42d22800c8e257f","0xd152f549545093347a162dce210e7293f1452150","","0","0","0","0.000674294969730816","0.0104549763692325","4.86","","","Disperse Token"
"0x2ab8a029790f1888a9d6a1bdbbb85d1d9b23799767b4f539dc580ab465472f1f","4848383","1691502852","2023-08-08 13:54:12","0x61fb33ba37fca4c1ca7d3533a42d22800c8e257f","0xd152f549545093347a162dce210e7293f1452150","","0","0","0","0.0005241834","0.00812748916447018","5.12","","","Disperse Token"
"0xf185aa6381521922597b143038bee39ffb2d36d7901956287295348aa4eaa2c2","4891430","1692023610","2023-08-14 14:33:30","0x61fb33ba37fca4c1ca7d3533a42d22800c8e257f","0xd152f549545093347a162dce210e7293f1452150","","0","0","0","0.0006921887346","0.0107324200656294","5.15","","","Disperse Token"
"0x1b9e4b808794ef6b4cf08e118df3aefe8a33fb119ff1237077d467679bdd6f70","4904944","1692188166","2023-08-16 12:16:06","0xdc6875c6f991889c2dccb0dc2d2711f8a0ef3a1a","0xd152f549545093347a162dce210e7293f1452150","","0.01","0","0.155050487376559","0.00009513351","0.00147504970913427","4.99","","","Disperse Ether"
"0x6aa452f74d60dddb2991698360a8c62ec0fed1512f521a4992ba53d854ab1678","4904950","1692188238","2023-08-16 12:17:18","0xdc6875c6f991889c2dccb0dc2d2711f8a0ef3a1a","0xd152f549545093347a162dce210e7293f1452150","","0.01","0","0.155050487376559","0.00009513351","0.00147504970913427","4.99","","","Disperse Ether"
"0xa888e3e3682be207243a221aaafadfd168b219d05d949c993e43a917987af242","4934359","1692543918","2023-08-20 15:05:18","0xb6d4c836d329d5f44d4ad2df74aec23156ef85a7","0xd152f549545093347a162dce210e7293f1452150","","0.006","0","0.0930302924259354","0.00009513351","0.00147504970913427","4.60","","","Disperse Ether"
"0xa86ba8f9d40d1a16d3f131d93a5dcd576ae1fe8ee928b8c6d1395d95681859c5","4934369","1692544038","2023-08-20 15:07:18","0xb6d4c836d329d5f44d4ad2df74aec23156ef85a7","0xd152f549545093347a162dce210e7293f1452150","","0.006","0","0.0930302924259354","0.00009513351","0.00147504970913427","4.60","","","Disperse Ether"
"0x39e5d4ede2fec05f7efc888db5a60360b52b4edc95b610e799f52daa13ec329b","4934370","1692544050","2023-08-20 15:07:30","0xb6d4c836d329d5f44d4ad2df74aec23156ef85a7","0xd152f549545093347a162dce210e7293f1452150","","0.006","0","0.0930302924259354","0.00009513351","0.00147504970913427","4.60","","","Disperse Ether"
"0xec3335f8201fb0b595f3068204fcce02078516dfcc9532539a8919657ce7b996","4934388","1692544266","2023-08-20 15:11:06","0xb6d4c836d329d5f44d4ad2df74aec23156ef85a7","0xd152f549545093347a162dce210e7293f1452150","","0.006","0","0.0930302924259354","0.0000934898547","0.00144956475359987","4.60","","","Disperse Ether"
"0x53b3ab5ba4ae3c687656dcc3b67457cbab07535d9175507ea9e7568cf52fc8b2","4934388","1692544266","2023-08-20 15:11:06","0xb6d4c836d329d5f44d4ad2df74aec23156ef85a7","0xd152f549545093347a162dce210e7293f1452150","","0.006","0","0.0930302924259354","0.0000934898547","0.00144956475359987","4.60","","","Disperse Ether"
"0xc0c9d70fcff85ddf6816a4f34064ed8bf2393e001f829368015a313b238202a7","4934398","1692544386","2023-08-20 15:13:06","0xb6d4c836d329d5f44d4ad2df74aec23156ef85a7","0xd152f549545093347a162dce210e7293f1452150","","0.006","0","0.0930302924259354","0.000088759","0.0013762126209056","4.60","","","Disperse Ether"
"0x5855693b34acd0d2cd3fb7e358c06a48c2433ccc53a7fba1c0ec7bf470941844","4934398","1692544386","2023-08-20 15:13:06","0xb6d4c836d329d5f44d4ad2df74aec23156ef85a7","0xd152f549545093347a162dce210e7293f1452150","","0.006","0","0.0930302924259354","0.000088759","0.0013762126209056","4.60","","","Disperse Ether"
"0xbdbb7d1ef0415768ce1e0c03380c4f43d45d76f72bfba2604227996deb5e1246","4934413","1692544566","2023-08-20 15:16:06","0xb6d4c836d329d5f44d4ad2df74aec23156ef85a7","0xd152f549545093347a162dce210e7293f1452150","","0.0004","0","0.00620201949506236","0.00009513351","0.00147504970913427","4.60","","","Disperse Ether"
"0xe66302b49c28db9327a74c5f4de245800c72d05a701178ac619967f43fbc55f5","4934886","1692550254","2023-08-20 16:50:54","0xb6d4c836d329d5f44d4ad2df74aec23156ef85a7","0xd152f549545093347a162dce210e7293f1452150","","0.00005","0","0.000775252436882795","0.00009513351","0.00147504970913427","4.60","","","Disperse Ether"
"0x9a66308ddffe8486640f7dbf8a11f2a268c4ab24855160c08039d7d0171e2b70","4935050","1692552234","2023-08-20 17:23:54","0xb6d4c836d329d5f44d4ad2df74aec23156ef85a7","0xd152f549545093347a162dce210e7293f1452150","","0.006","0","0.0930302924259354","0.00009513351","0.00147504970913427","4.60","","","Disperse Ether"
"0x520324b954929a0c192125dfdebf280048e1da27d5a4206cc4797785e5732ee1","4935050","1692552234","2023-08-20 17:23:54","0xb6d4c836d329d5f44d4ad2df74aec23156ef85a7","0xd152f549545093347a162dce210e7293f1452150","","0.006","0","0.0930302924259354","0.00009513351","0.00147504970913427","4.60","","","Disperse Ether"
"0x9a155a73a0d9594f85af142835eb2602e53b422a4884ca32be6768dfe57b576c","4948189","1692711582","2023-08-22 13:39:42","0x61fb33ba37fca4c1ca7d3533a42d22800c8e257f","0xd152f549545093347a162dce210e7293f1452150","","0","0","0","0.00064433529","0.00999045007484165","4.43","","","Disperse Token"
"0x4c3d86c76d983880ca669ca3d6e4268e4bf2c108dfd01b71f8e0324da8836ae9","4990847","1693230228","2023-08-28 13:43:48","0x61fb33ba37fca4c1ca7d3533a42d22800c8e257f","0xd152f549545093347a162dce210e7293f1452150","","0","0","0","0.000573144","0.00888662565369505","4.39","","","Disperse Token"
"0x12d36d9935dba0710ba44c8fc00ff3fb0a5649b67b53feb28548eaa39f5415ae","5013761","1693508454","2023-08-31 19:00:54","0x393934219382d97ac725ae4b4faa585a58f43d8a","0xd152f549545093347a162dce210e7293f1452150","","0.05","0","0.775252436882795","0.00018518553","0.00287131066815864","4.16","","","Disperse Ether"
"0x0da89ca56e9615b876618213481f535c7597de5719de12cb2869adb9eaeaa03b","5013961","1693510866","2023-08-31 19:41:06","0x393934219382d97ac725ae4b4faa585a58f43d8a","0xd152f549545093347a162dce210e7293f1452150","","0.001","0","0.0155050487376559","0.00009516888","0.00147559812270813","4.16","","","Disperse Ether"
"0x584d32c2757fd3b42563ebf2ea05c28c5e118b85d55a17e86df7cd3365abc795","5013977","1693511064","2023-08-31 19:44:24","0x393934219382d97ac725ae4b4faa585a58f43d8a","0xd152f549545093347a162dce210e7293f1452150","","0.001","0","0.0155050487376559","0.00009516888","0.00147559812270813","4.16","","","Disperse Ether"
"0x06bf32f47ffac1a035512923da1dad2d5e22363bb5ad5cb61cbfd40cfe8fd266","5014010","1693511466","2023-08-31 19:51:06","0x393934219382d97ac725ae4b4faa585a58f43d8a","0xd152f549545093347a162dce210e7293f1452150","","0.00055","0","0.00852777680571075","0.000088792","0.00137672428751394","4.16","","","Disperse Ether"
"0xa560c1b45098fe946f2388ca7f7338841871d39ee61a9be9d22f260c4e2b42c8","5014029","1693511701","2023-08-31 19:55:01","0x393934219382d97ac725ae4b4faa585a58f43d8a","0xd152f549545093347a162dce210e7293f1452150","","0.0006","0","0.00930302924259354","0.0000918803472","0.00142460926136875","4.16","","","Disperse Ether"
"0xc7a233547c19171a040cfecf5a1e30489cdbd3e530846bdae09d353d1fb65456","5014033","1693511748","2023-08-31 19:55:48","0x393934219382d97ac725ae4b4faa585a58f43d8a","0xd152f549545093347a162dce210e7293f1452150","","0.0006","0","0.00930302924259354","0.00009516888","0.00147559812270813","4.16","","","Disperse Ether"
"0xafb5d7817707ccde2f85b431baf210268003f74c90e0d958acbd52805fd13351","5014034","1693511760","2023-08-31 19:56:00","0x393934219382d97ac725ae4b4faa585a58f43d8a","0xd152f549545093347a162dce210e7293f1452150","","0.0006","0","0.00930302924259354","0.00009516888","0.00147559812270813","4.16","","","Disperse Ether"
"0x4f94964acefd2e5df746715617257ec8bbec9d685d16518000264fc761a1b290","5014034","1693511760","2023-08-31 19:56:00","0x393934219382d97ac725ae4b4faa585a58f43d8a","0xd152f549545093347a162dce210e7293f1452150","","0.0006","0","0.00930302924259354","0.00009516888","0.00147559812270813","4.16","","","Disperse Ether"
"0x588fee0c6ea4791b16f6f955f41eb9da1347de848b7baa6dd4ca22f53923a452","5014048","1693511928","2023-08-31 19:58:48","0x393934219382d97ac725ae4b4faa585a58f43d8a","0xd152f549545093347a162dce210e7293f1452150","","0.0006","0","0.00930302924259354","0.00009516888","0.00147559812270813","4.16","","","Disperse Ether"
"0x3332b5d158a35149b6918bbbd92e9ebf741cdc78e71d2a20aff791792b799128","5014048","1693511928","2023-08-31 19:58:48","0x393934219382d97ac725ae4b4faa585a58f43d8a","0xd152f549545093347a162dce210e7293f1452150","","0.0006","0","0.00930302924259354","0.00009516888","0.00147559812270813","4.16","","","Disperse Ether"
"0x13a2605f778295027dfced8c989a98637ab4d51e19b8199451267f83c5067709","5014048","1693511928","2023-08-31 19:58:48","0x393934219382d97ac725ae4b4faa585a58f43d8a","0xd152f549545093347a162dce210e7293f1452150","","0.0006","0","0.00930302924259354","0.00009516888","0.00147559812270813","4.16","","","Disperse Ether"
"0x42c68148e4e563b42aacf7990d7690c30ea365509d9447d7b0752647f6493827","5014048","1693511928","2023-08-31 19:58:48","0x393934219382d97ac725ae4b4faa585a58f43d8a","0xd152f549545093347a162dce210e7293f1452150","","0.0006","0","0.00930302924259354","0.00009516888","0.00147559812270813","4.16","","","Disperse Ether"
"0x67c2f922fe3abe8113b34bd60514ca1091bb421aaefa435e935753fbb19cca69","5014051","1693511964","2023-08-31 19:59:24","0x393934219382d97ac725ae4b4faa585a58f43d8a","0xd152f549545093347a162dce210e7293f1452150","","0.0006","0","0.00930302924259354","0.0000935246136","0.00145010369203844","4.16","","","Disperse Ether"
"0x1bead1289547e64fb6844a0b8b88c11a2069c325a883364755c460bf3afc4563","5014052","1693511982","2023-08-31 19:59:42","0x393934219382d97ac725ae4b4faa585a58f43d8a","0xd152f549545093347a162dce210e7293f1452150","","0.0006","0","0.00930302924259354","0.0000935246136","0.00145010369203844","4.16","","","Disperse Ether"
"0xebdefc721803e9057306560dd950f57e0d89983ed5d74b911e16b880ded6c525","5014055","1693512018","2023-08-31 20:00:18","0x393934219382d97ac725ae4b4faa585a58f43d8a","0xd152f549545093347a162dce210e7293f1452150","","0.0006","0","0.00930302924259354","0.000095214892466432","0.00147631154824269","4.16","","","Disperse Ether"
"0x2a97033995454010145c606ac4f1ddbe4b34f126be1c87f820a4a47750746426","5014055","1693512018","2023-08-31 20:00:18","0x393934219382d97ac725ae4b4faa585a58f43d8a","0xd152f549545093347a162dce210e7293f1452150","","0.0006","0","0.00930302924259354","0.000095214892466432","0.00147631154824269","4.16","","","Disperse Ether"
"0x838e920f61a6e72274e84c8784ee06fae8ef4aa790b3957f10e1ec3e4c7ea6a4","5014056","1693512030","2023-08-31 20:00:30","0x393934219382d97ac725ae4b4faa585a58f43d8a","0xd152f549545093347a162dce210e7293f1452150","","0.0006","0","0.00930302924259354","0.000095175201764384","0.00147569614197301","4.16","","","Disperse Ether"
"0x00542858d65ad4e47f895eab432fd4a3d7583a84aebf518733f3ec14cf029ea7","5014056","1693512030","2023-08-31 20:00:30","0x393934219382d97ac725ae4b4faa585a58f43d8a","0xd152f549545093347a162dce210e7293f1452150","","0.0006","0","0.00930302924259354","0.000095175201764384","0.00147569614197301","4.16","","","Disperse Ether"
"0xc01e16e6ddb18b4aa2aaa2f067ba91002d0e12b9275542c2d44ac3dcac9e1c50","5014057","1693512042","2023-08-31 20:00:42","0x393934219382d97ac725ae4b4faa585a58f43d8a","0xd152f549545093347a162dce210e7293f1452150","","0.0006","0","0.00930302924259354","0.00009516888","0.00147559812270813","4.16","","","Disperse Ether"
"0x7bd0923a48de3f5e40b6ec76b34a8a490bd1fc82e5455c85ab7e82dc0da79266","5014057","1693512042","2023-08-31 20:00:42","0x393934219382d97ac725ae4b4faa585a58f43d8a","0xd152f549545093347a162dce210e7293f1452150","","0.0006","0","0.00930302924259354","0.00009516888","0.00147559812270813","4.16","","","Disperse Ether"
"0x3f5620f66db8f938b07e08c0fb29165d1d99d9ba6eecdea93da34005369632ee","5014058","1693512054","2023-08-31 20:00:54","0x393934219382d97ac725ae4b4faa585a58f43d8a","0xd152f549545093347a162dce210e7293f1452150","","0.0006","0","0.00930302924259354","0.00009516888","0.00147559812270813","4.16","","","Disperse Ether"
"0x23815415eee4c38efccd06e91b013308c719d009c73c680adaac768bbc323fb4","5014058","1693512054","2023-08-31 20:00:54","0x393934219382d97ac725ae4b4faa585a58f43d8a","0xd152f549545093347a162dce210e7293f1452150","","0.0006","0","0.00930302924259354","0.00009516888","0.00147559812270813","4.16","","","Disperse Ether"
"0x049bec9c13a4b2f4cd076593bf3d697b77f94b093e3ae1689da0801f09c890ca","5014059","1693512066","2023-08-31 20:01:06","0x393934219382d97ac725ae4b4faa585a58f43d8a","0xd152f549545093347a162dce210e7293f1452150","","0.0006","0","0.00930302924259354","0.00009516888","0.00147559812270813","4.16","","","Disperse Ether"
"0x433a312c9ec5746b0c730588118c0d28ce279769ac4699bcdd638256712f9b30","5037080","1693833288","2023-09-04 13:14:48","0x61fb33ba37fca4c1ca7d3533a42d22800c8e257f","0xd152f549545093347a162dce210e7293f1452150","","0","0","0","0.000663019262363304","0.0102801459769477","4.21","","","Disperse Token"
"0x985c58dc154f9a4e03842fc65172f85a20d4c0c8b69b63708a0662a840a8c1bd","5044222","1693919526","2023-09-05 13:12:06","0xdc6875c6f991889c2dccb0dc2d2711f8a0ef3a1a","0xd152f549545093347a162dce210e7293f1452150","","0.002","0","0.0310100974753118","0.00009513351","0.00147504970913427","4.26","","","Disperse Ether"
"0x3049b6bb2f256129cff93571796bb5462d9e3def8b12c5351ad9d4958fb52f43","5067935","1694205792","2023-09-08 20:43:12","0xa2894cec4a49014b00e84e71861344fc794b8c27","0xd152f549545093347a162dce210e7293f1452150","","0.075","0","1.16287865532419","0.000382764","0.00593477447502012","4.24","","","Disperse Ether"
"0xf7d3cae634c13af521cf1ecd875f3d81341c0b2fd2a5de898a1a147a2ab71d2d","5087573","1694443338","2023-09-11 14:42:18","0x61fb33ba37fca4c1ca7d3533a42d22800c8e257f","0xd152f549545093347a162dce210e7293f1452150","","0","0","0","0.0005805242346072","0.00900105655097502","3.79","","","Disperse Token"
"0x2b4080632c0a1be094d7ec5908d94ee63f548036e607e66a561ce2496c75e19b","5119640","1694832234","2023-09-16 02:43:54","0x9d1a5d93c91a3f5d27e1e28d78810e0e15099099","0xd152f549545093347a162dce210e7293f1452150","","0.9","0","13.9545438638903","0.00173318067674784","0.0268730508641387","3.99","","","Disperse Ether"
"0xabc163ab6a50973be28f04a8fc9f4b7a3df49ffa51a47877c4697c0e1bce91c7","5137373","1695047166","2023-09-18 14:26:06","0x61fb33ba37fca4c1ca7d3533a42d22800c8e257f","0xd152f549545093347a162dce210e7293f1452150","","0","0","0","0.0006332028813","0.00981784153538064","3.93","","","Disperse Token"
"0xe604397fec69b1f0970e3fec485b910fa18185a1b744791dd24d66b0eac96b57","5168420","1695421950","2023-09-22 22:32:30","0x17fb2d9c79fc6c0a3deec9d1f9761df18e36f91d","0xd152f549545093347a162dce210e7293f1452150","","1.717","0","26.6221686825552","0.00053594953328448","0.0083099236344998","3.89","","","Disperse Ether"
"0x66e2b78ef863a7dbab213656b8e4231c829f11be833b753693db1a19958eec75","5290579","1696924536","2023-10-10 07:55:36","0x61fb33ba37fca4c1ca7d3533a42d22800c8e257f","0xd152f549545093347a162dce210e7293f1452150","","0","0","0","0.00073438731","0.011386711033866","3.83","","","Disperse Token"
"0x1ddea6a487e4aa05fb3de87f826aef4e5c193c490dd114541ee076acf4b40e0b","5290637","1696925262","2023-10-10 08:07:42","0x61fb33ba37fca4c1ca7d3533a42d22800c8e257f","0xd152f549545093347a162dce210e7293f1452150","","0","0","0","0.00079444557","0.0123179172822648","3.83","","","Disperse Token"
"0x2fb6412df36fb8daff025c8a5d7c3c52687e358d025ef7c3846f2eea3c22e868","5290668","1696925640","2023-10-10 08:14:00","0x61fb33ba37fca4c1ca7d3533a42d22800c8e257f","0xd152f549545093347a162dce210e7293f1452150","","0","0","0","0.000855162","0.0132593284885913","3.83","","","Disperse Token"
"0x4766446e38433b95b6296a19efda845076e844f9836d6104d06dcf7b238a0a85","5382840","1698072600","2023-10-23 14:50:00","0x61fb33ba37fca4c1ca7d3533a42d22800c8e257f","0xd152f549545093347a162dce210e7293f1452150","","0","0","0","0.000883278","0.0136952684388992","4.02","","","Disperse Token"
"0xa187450dda5482299c82034fea4986a24a7e9feafa20f6b1027092489ae36a95","5382869","1698072966","2023-10-23 14:56:06","0x61fb33ba37fca4c1ca7d3533a42d22800c8e257f","0xd152f549545093347a162dce210e7293f1452150","","0","0","0","0.00103676544","0.0160750986767173","4.02","","","Disperse Token"
"0x67b606c6630f8e1d92e0c68bdc5c0ba810b1bc993386283cc4783e2723912d78","5427616","1698632376","2023-10-30 02:19:36","0x4b1284894c300e52d5cbea86cea641a816191402","0xd152f549545093347a162dce210e7293f1452150","","0.0008","0","0.0124040389901247","0.000082785","0.00128358545974684","4.39","","","Disperse Ether"
"0x9f9a8ab7f5252e0b76bbde0036cf66dc9bc92aeda4c521a568a3b7ca66e12a12","5427623","1698632466","2023-10-30 02:21:06","0x4b1284894c300e52d5cbea86cea641a816191402","0xd152f549545093347a162dce210e7293f1452150","","0.0008","0","0.0124040389901247","0.000082785","0.00128358545974684","4.39","","","Disperse Ether"
"0x680c5da3744144e193c487901c77850d95c0d2f0c46d4918fd81d6a8e7eab328","5427624","1698632478","2023-10-30 02:21:18","0x4b1284894c300e52d5cbea86cea641a816191402","0xd152f549545093347a162dce210e7293f1452150","","0.0008","0","0.0124040389901247","0.000082785","0.00128358545974684","4.39","","","Disperse Ether"
"0x516c08cdd9e954eb65fb3307a87fc349443f1be9b0abd223bb0e8afd0eccd47a","5427625","1698632491","2023-10-30 02:21:31","0x4b1284894c300e52d5cbea86cea641a816191402","0xd152f549545093347a162dce210e7293f1452150","","0.0008","0","0.0124040389901247","0.000082785","0.00128358545974684","4.39","","","Disperse Ether"
"0x6406e1d4eee841edc192221f3f7e0da9f50680513a99bd389d983efd9a53118b","5427632","1698632574","2023-10-30 02:22:54","0x4b1284894c300e52d5cbea86cea641a816191402","0xd152f549545093347a162dce210e7293f1452150","","0.0008","0","0.0124040389901247","0.000082785","0.00128358545974684","4.39","","","Disperse Ether"
"0xa1a1194b21c18e61d119530aedc464d2cf6958d959955b2b65459d94f3f6a8fa","5427634","1698632598","2023-10-30 02:23:18","0x4b1284894c300e52d5cbea86cea641a816191402","0xd152f549545093347a162dce210e7293f1452150","","0.0008","0","0.0124040389901247","0.000082785","0.00128358545974684","4.39","","","Disperse Ether"
"0xe1bff9a43058b68480cf54f6ca84d2557730044202bec0e59609123f1e625a10","5427754","1698634140","2023-10-30 02:49:00","0x4b1284894c300e52d5cbea86cea641a816191402","0xd152f549545093347a162dce210e7293f1452150","","0.001","0","0.0155050487376559","0.000085932","0.00133237984812425","4.39","","","Disperse Ether"
"0x0dd3ec8520966d8d83f63fef0747039c9ffd2ca03b451a5cee97c5b728fa72e9","5427755","1698634152","2023-10-30 02:49:12","0x4b1284894c300e52d5cbea86cea641a816191402","0xd152f549545093347a162dce210e7293f1452150","","0.001","0","0.0155050487376559","0.000048432","0.000750940520462151","4.39","","","Disperse Ether"
"0x12e1e689a5e1d087f6d64923499b25fb2b0a9882571558af5342602145e59877","5427762","1698634242","2023-10-30 02:50:42","0x4b1284894c300e52d5cbea86cea641a816191402","0xd152f549545093347a162dce210e7293f1452150","","0.001","0","0.0155050487376559","0.000048432","0.000750940520462151","4.39","","","Disperse Ether"
"0x09e8fd670e90192d70e156604ae518b710d733d4587fe33f05268dd7bb295bb7","5427763","1698634252","2023-10-30 02:50:52","0x4b1284894c300e52d5cbea86cea641a816191402","0xd152f549545093347a162dce210e7293f1452150","","0.001","0","0.0155050487376559","0.000048432","0.000750940520462151","4.39","","","Disperse Ether"
"0x07c63368d99d2a7a81a4c93e3bdf61fa2a2aac5b5860f8960ab1fc2d6ab4cae8","5427765","1698634278","2023-10-30 02:51:18","0x4b1284894c300e52d5cbea86cea641a816191402","0xd152f549545093347a162dce210e7293f1452150","","0.01","0","0.155050487376559","0.000048414","0.000750661429584873","4.39","","","Disperse Ether"
"0x3af572294de036e12bd5d40ee450107a312e5f34e43039bb24b3031b660c29ef","5427777","1698634446","2023-10-30 02:54:06","0x4b1284894c300e52d5cbea86cea641a816191402","0xd152f549545093347a162dce210e7293f1452150","","0.01","0","0.155050487376559","0.000048414","0.000750661429584873","4.39","","","Disperse Ether"
"0xd291a2862c46fa87151594629587453447f32f06dd16ab008c64bdcfccc01b58","5427777","1698634446","2023-10-30 02:54:06","0x4b1284894c300e52d5cbea86cea641a816191402","0xd152f549545093347a162dce210e7293f1452150","","0.01","0","0.155050487376559","0.000048414","0.000750661429584873","4.39","","","Disperse Ether"
"0x0dc6c972b3f20027a7a7325cac30c86352d3e19555a30bc10e3d7e934c485f19","5427781","1698634494","2023-10-30 02:54:54","0x4b1284894c300e52d5cbea86cea641a816191402","0xd152f549545093347a162dce210e7293f1452150","","0.01","0","0.155050487376559","0.000048414","0.000750661429584873","4.39","","","Disperse Ether"
"0xeeef83fd1866b36a87c55a4e1dd5a05798ff9b3fb2aa3dfe7997845d5fbb44d7","5427781","1698634494","2023-10-30 02:54:54","0x4b1284894c300e52d5cbea86cea641a816191402","0xd152f549545093347a162dce210e7293f1452150","","0.01","0","0.155050487376559","0.000048414","0.000750661429584873","4.39","","","Disperse Ether"
"0x7aea6f4391f369c17529c24e7389c48e63163cb9e17993dc4f3169b3f3849ba2","5427782","1698634506","2023-10-30 02:55:06","0x4b1284894c300e52d5cbea86cea641a816191402","0xd152f549545093347a162dce210e7293f1452150","","0.01","0","0.155050487376559","0.000048414","0.000750661429584873","4.39","","","Disperse Ether"
"0x57b037c3ec6df25fa208a89552c78926ef993aa4c102dc8bfa9c2793b3afe8e9","5427782","1698634506","2023-10-30 02:55:06","0x4b1284894c300e52d5cbea86cea641a816191402","0xd152f549545093347a162dce210e7293f1452150","","0.01","0","0.155050487376559","0.000048414","0.000750661429584873","4.39","","","Disperse Ether"
"0x70c4f348197bd08b3afb585e84a4060256080a75a49b7a1dfeed198da79dfa90","5427785","1698634542","2023-10-30 02:55:42","0x4b1284894c300e52d5cbea86cea641a816191402","0xd152f549545093347a162dce210e7293f1452150","","0.01","0","0.155050487376559","0.000048414","0.000750661429584873","4.39","","","Disperse Ether"
"0xeeb78ab22ba51adb3183d83774a5b59b9033aeff9fb67cf6eba8d40fa8d16c2d","5427795","1698634668","2023-10-30 02:57:48","0x4b1284894c300e52d5cbea86cea641a816191402","0xd152f549545093347a162dce210e7293f1452150","","0.01","0","0.155050487376559","0.000048414","0.000750661429584873","4.39","","","Disperse Ether"
"0x56cbcacf978aecc2ee3cc6f061c9081037d801f769abe1159925f1efad6fe329","5427796","1698634680","2023-10-30 02:58:00","0x4b1284894c300e52d5cbea86cea641a816191402","0xd152f549545093347a162dce210e7293f1452150","","0.01","0","0.155050487376559","0.000048414","0.000750661429584873","4.39","","","Disperse Ether"
"0x0e27cdd65c62e9716b6151d7dd75e1ac921ac3823b3ded70474c40f0eda0c8ef","5427797","1698634692","2023-10-30 02:58:12","0x4b1284894c300e52d5cbea86cea641a816191402","0xd152f549545093347a162dce210e7293f1452150","","0.01","0","0.155050487376559","0.000048414","0.000750661429584873","4.39","","","Disperse Ether"
"0xfae505a442c3e1760f08cc90737a26baf0c28041b4ff418d1e8c9e2249a8bfc6","5427803","1698634770","2023-10-30 02:59:30","0x4b1284894c300e52d5cbea86cea641a816191402","0xd152f549545093347a162dce210e7293f1452150","","0.01","0","0.155050487376559","0.000048414","0.000750661429584873","4.39","","","Disperse Ether"
"0x4330a73c41c0fa603f7979ecbc664e2f428c3a5b3bc7f56beec666b6acad8ddd","5427804","1698634782","2023-10-30 02:59:42","0x4b1284894c300e52d5cbea86cea641a816191402","0xd152f549545093347a162dce210e7293f1452150","","0.01","0","0.155050487376559","0.000048414","0.000750661429584873","4.39","","","Disperse Ether"
"0xef291b39a8f17eeb068a59e4d9f07f2a5410dd1969d8721922c83905b9c05b7b","5427806","1698634806","2023-10-30 03:00:06","0x4b1284894c300e52d5cbea86cea641a816191402","0xd152f549545093347a162dce210e7293f1452150","","0.01","0","0.155050487376559","0.000048414","0.000750661429584873","4.39","","","Disperse Ether"
"0x0619590a3d75939e1edabcf910c78e01e221590b289acd2f8776275191c4fd5d","5427813","1698634890","2023-10-30 03:01:30","0x4b1284894c300e52d5cbea86cea641a816191402","0xd152f549545093347a162dce210e7293f1452150","","0.01","0","0.155050487376559","0.000048414","0.000750661429584873","4.39","","","Disperse Ether"
"0x95252eab42d860a6bb48681a61f3145f59fc021693d4686d472513e2bbcc6208","5427813","1698634890","2023-10-30 03:01:30","0x4b1284894c300e52d5cbea86cea641a816191402","0xd152f549545093347a162dce210e7293f1452150","","0.01","0","0.155050487376559","0.000048414","0.000750661429584873","4.39","","","Disperse Ether"
"0x87fc807949efee01c18500425a8cea8f7d1b93c6b9be4d1bc43836e149adadde","5427814","1698634902","2023-10-30 03:01:42","0x4b1284894c300e52d5cbea86cea641a816191402","0xd152f549545093347a162dce210e7293f1452150","","0.02","0","0.310100974753118","0.000048414","0.000750661429584873","4.39","","","Disperse Ether"
"0x712a0c39e7bfc1b1437e090e5c4c3492c39031b9b57bf0a524e7a1c731f5707a","5427815","1698634914","2023-10-30 03:01:54","0x4b1284894c300e52d5cbea86cea641a816191402","0xd152f549545093347a162dce210e7293f1452150","","0.02","0","0.310100974753118","0.000048414","0.000750661429584873","4.39","","","Disperse Ether"
"0xe760ec9fa4ec1a74c41e4bd1873b98a2d18b0e01da4073d713e2fbc0159c2f62","5429431","1698655330","2023-10-30 08:42:10","0x61fb33ba37fca4c1ca7d3533a42d22800c8e257f","0xd152f549545093347a162dce210e7293f1452150","","0","0","0","0.00091668429","0.0142132345934935","4.39","","","Disperse Token"
"0xd3345accaead28eddf8217b80b8c5d39c5bd601dc90e3f7608a869ef364a2096","5477284","1699262715","2023-11-06 09:25:15","0x61fb33ba37fca4c1ca7d3533a42d22800c8e257f","0xd152f549545093347a162dce210e7293f1452150","","0","0","0","0.00103680081","0.0160756470902911","4.97","","","Disperse Token"
"0x318ebb1a193956045844c0be9ee7feb9abc34217efe883b0b905c44a5d3684e0","5630807","1701192588","2023-11-28 17:29:48","0x61fb33ba37fca4c1ca7d3533a42d22800c8e257f","0xd152f549545093347a162dce210e7293f1452150","","0","0","0","0.00103673007","0.0160745502631434","6.61","","","Disperse Token"
"0x00ebeca0504d9f39268f75eee6e9b8d218d8cc2cea03f82f99565a8049179137","5630911","1701193860","2023-11-28 17:51:00","0x61fb33ba37fca4c1ca7d3533a42d22800c8e257f","0xd152f549545093347a162dce210e7293f1452150","","0","0","0","0.00094671342","0.0146788377176929","6.61","","","Disperse Token"
"0xd3118523d52f12ff268fcd1d7a5b4312d66b9414959a8472c629bc1dd3c3743f","5630930","1701194088","2023-11-28 17:54:48","0x61fb33ba37fca4c1ca7d3533a42d22800c8e257f","0xd152f549545093347a162dce210e7293f1452150","","0","0","0","0.000967329","0.0149984832903479","6.61","","","Disperse Token"
"0xdfe1108bad7b695488abf4371c0738a688f0af56f92fd7a871b4c71e83b9cdce","5744693","1702658430","2023-12-15 16:40:30","0x1193a4f3acb05876ab96de7468dbc7db91985574","0xd152f549545093347a162dce210e7293f1452150","","3","0","46.5151462129677","0.031161138315356548","0.48315496830044","6.70","","","Disperse Ether"
"0xe838ba3132fba62bb514a20ca368632a7546e2a2e26872dafd5eec98f8c8c27d","5744698","1702658490","2023-12-15 16:41:30","0x1193a4f3acb05876ab96de7468dbc7db91985574","0xd152f549545093347a162dce210e7293f1452150","","3","0","46.5151462129677","0.031158361505360764","0.48311191372612","6.70","","","Disperse Ether"
"0xc4a47a9850e11ce2ebf9e71eddf5e4d2a8661f4c42601f94a97257199db0e4c4","5744702","1702658538","2023-12-15 16:42:18","0x1193a4f3acb05876ab96de7468dbc7db91985574","0xd152f549545093347a162dce210e7293f1452150","","3","0","46.5151462129677","0.031144664808902918","0.482899545779996","6.70","","","Disperse Ether"
"0x7f0320803a4290ddfa7c3dac2e32af481b82b9895b86df378c33a88575c7c45b","5750926","1702738296","2023-12-16 14:51:36","0xc55002bd20718e67d6a52704abb3b7e203388635","0xd152f549545093347a162dce210e7293f1452150","","2.384","0","36.9640361905717","0.030953160832037808","0.479930267285248","6.96","","","Disperse Ether"
"0x202b6b628b399c0f4bdc534c6837c9411e98a020c82346e6258e32805fb33e27","5750931","1702738356","2023-12-16 14:52:36","0xc55002bd20718e67d6a52704abb3b7e203388635","0xd152f549545093347a162dce210e7293f1452150","","2.4","0","37.2121169703742","0.031160957345493622","0.483152162353895","6.96","","","Disperse Ether"
"0x983052f8bb590ce2871d8119abec0fa8ff95b191654b17b4f1c65fc1d002f1ce","5750936","1702738422","2023-12-16 14:53:42","0xc55002bd20718e67d6a52704abb3b7e203388635","0xd152f549545093347a162dce210e7293f1452150","","2.4","0","37.2121169703742","0.03115830678044565","0.483111065213644","6.96","","","Disperse Ether"
"0xcd92eaf4bd4be3a08482152488c3e17d735f68db2b6bed17a31c8f76d6214510","5750940","1702738470","2023-12-16 14:54:30","0xc55002bd20718e67d6a52704abb3b7e203388635","0xd152f549545093347a162dce210e7293f1452150","","2.4","0","37.2121169703742","0.00902473777526363","0.139928999050027","6.96","","","Disperse Ether"
"0x8a3dbe62d4f8bebc3d76800ff8682ea7c2226d1ab47700bb37b1c6e69d75a9ed","5750943","1702738506","2023-12-16 14:55:06","0xc55002bd20718e67d6a52704abb3b7e203388635","0xd152f549545093347a162dce210e7293f1452150","","2.4","0","37.2121169703742","0.00886886571532096","0.137512195163777","6.96","","","Disperse Ether"
"0x81f0f68bd3cc4e948ddf6fd2a806f5e5a8bfd66361c47e91cfbe59ba2a63f7a3","5750952","1702738620","2023-12-16 14:57:00","0xc55002bd20718e67d6a52704abb3b7e203388635","0xd152f549545093347a162dce210e7293f1452150","","1.6","0","24.8080779802494","0.00583256468050779","0.0904341996368037","6.96","","","Disperse Ether"
"0x74da138c3a35dd3301675656c0b38096aaf31d7672777f029c0a05bbf106cb71","5750957","1702738686","2023-12-16 14:58:06","0xc55002bd20718e67d6a52704abb3b7e203388635","0xd152f549545093347a162dce210e7293f1452150","","1.6","0","24.8080779802494","0.00593635087485","0.0920434096383755","6.96","","","Disperse Ether"
"0x7f9090ed11ad7934bd7b00f507a7475dcbc054cbef7d3907ff582105facf552b","5750972","1702738920","2023-12-16 15:02:00","0xc55002bd20718e67d6a52704abb3b7e203388635","0xd152f549545093347a162dce210e7293f1452150","","1.6","0","24.8080779802494","0.01251285142392206","0.194012371174959","6.96","","","Disperse Ether"
"0xb1bb97b18a34ea949057d9c6db84daf3d225447f8f5c8d1472a3ce615cb3829b","5750977","1702738980","2023-12-16 15:03:00","0xc55002bd20718e67d6a52704abb3b7e203388635","0xd152f549545093347a162dce210e7293f1452150","","2.4","0","37.2121169703742","0.02907432630048639","0.450798846303552","6.96","","","Disperse Ether"
"0x3ce0522a77c445e71b4813d5c493390d439428df7b4aba4621768467f1131ce8","5750986","1702739088","2023-12-16 15:04:48","0xc55002bd20718e67d6a52704abb3b7e203388635","0xd152f549545093347a162dce210e7293f1452150","","2.4","0","37.2121169703742","0.02907449207756073","0.450801416685169","6.96","","","Disperse Ether"
"0x73a2a7a56d32fbf77f9df3989056914a03c6a96556be559b8e315a39eb188b6c","5750992","1702739166","2023-12-16 15:06:06","0xc55002bd20718e67d6a52704abb3b7e203388635","0xd152f549545093347a162dce210e7293f1452150","","2.4","0","37.2121169703742","0.03115845467026128","0.483113358252443","6.96","","","Disperse Ether"
"0x4f90842977e45392581b8355e01bd94657b8b9d345d4e9e5d96564b3456bd43e","5750996","1702739214","2023-12-16 15:06:54","0xc55002bd20718e67d6a52704abb3b7e203388635","0xd152f549545093347a162dce210e7293f1452150","","2.4","0","37.2121169703742","0.029074877368467924","0.450807390639464","6.96","","","Disperse Ether"
"0x99b9a468f160cdf4e04c2e495eb5e326bec30c533ea7e6d5116ceaba986bf4cc","5751000","1702739262","2023-12-16 15:07:42","0xc55002bd20718e67d6a52704abb3b7e203388635","0xd152f549545093347a162dce210e7293f1452150","","2.4","0","37.2121169703742","0.03114533845865334","0.482909990752209","6.96","","","Disperse Ether"
"0x5cec023979304aaec6235989eb24e78a4b32ed8a883ffd83cd4e9a566ff29e34","5751004","1702739310","2023-12-16 15:08:30","0xc55002bd20718e67d6a52704abb3b7e203388635","0xd152f549545093347a162dce210e7293f1452150","","2.4","0","37.2121169703742","0.031155709500504358","0.483070794261569","6.96","","","Disperse Ether"
"0xd567acbd1d12f829a8189d60cb00b4f2c39f63fabe2b0c84c31aee921662efa8","5751008","1702739358","2023-12-16 15:09:18","0xc55002bd20718e67d6a52704abb3b7e203388635","0xd152f549545093347a162dce210e7293f1452150","","2.4","0","37.2121169703742","0.031147062932752942","0.48293672880717","6.96","","","Disperse Ether"
"0x4465b24b06a98658503143ca04131756fbcc9b073d7f6d5d9e0c8f2ded988ed2","5751012","1702739407","2023-12-16 15:10:07","0xc55002bd20718e67d6a52704abb3b7e203388635","0xd152f549545093347a162dce210e7293f1452150","","2.4","0","37.2121169703742","0.030610222888174166","0.474612997751651","6.96","","","Disperse Ether"
"0xaf0199f9e8574750f11c5bcc4a064a585804c2d5341181e9874386636aa6ea42","5751016","1702739460","2023-12-16 15:11:00","0xc55002bd20718e67d6a52704abb3b7e203388635","0xd152f549545093347a162dce210e7293f1452150","","2.4","0","37.2121169703742","0.03008999130382177","0.466546781681399","6.96","","","Disperse Ether"
"0xeff59f96146b86dc9844b4fbb7b32aeae48191a2b34d7110569612f9e754dfa2","5751022","1702739532","2023-12-16 15:12:12","0xc55002bd20718e67d6a52704abb3b7e203388635","0xd152f549545093347a162dce210e7293f1452150","","2.4","0","37.2121169703742","0.031160185053709184","0.483140187932138","6.96","","","Disperse Ether"
"0x667cadd7b7f55ca5645f849a0c3362738b3c86602c798b305581c367912dfcb7","5751026","1702739580","2023-12-16 15:13:00","0xc55002bd20718e67d6a52704abb3b7e203388635","0xd152f549545093347a162dce210e7293f1452150","","2.4","0","37.2121169703742","0.02907395296540941","0.450793057724988","6.96","","","Disperse Ether"
"0x9ac5e84c22e9f273b98e3328c845b5a3480e3db7494e3071adc0c9d82a239059","5751029","1702739616","2023-12-16 15:13:36","0xc55002bd20718e67d6a52704abb3b7e203388635","0xd152f549545093347a162dce210e7293f1452150","","2.4","0","37.2121169703742","0.029073931553476164","0.45079272573192","6.96","","","Disperse Ether"
"0x637c7d6d2b130e873b51e355748d5d6825f658e5bd32cf3ce2a1df54cc82ccf1","5751031","1702739646","2023-12-16 15:14:06","0xc55002bd20718e67d6a52704abb3b7e203388635","0xd152f549545093347a162dce210e7293f1452150","","2.4","0","37.2121169703742","0.031161627594956212","0.483162554604479","6.96","","","Disperse Ether"
"0xc34e662649f278a78df3d58fc8ee4d11e5ce9ce838c4e3e7e79130b79203c795","5751034","1702739762","2023-12-16 15:16:02","0xc55002bd20718e67d6a52704abb3b7e203388635","0xd152f549545093347a162dce210e7293f1452150","","2.4","0","37.2121169703742","0.031159169864495114","0.483124447373896","6.96","","","Disperse Ether"
"0x603d84cf42e7cc86c36c47060156c142b22bfbd35a98a9217223aaffa830cf0d","5751038","1702739808","2023-12-16 15:16:48","0xc55002bd20718e67d6a52704abb3b7e203388635","0xd152f549545093347a162dce210e7293f1452150","","2.4","0","37.2121169703742","0.031147475823375508","0.482943130696396","6.96","","","Disperse Ether"
"0x2fbc95d842b3e1e84144e3918f737b8a49bddc57e6fe2c40b554cd156130bd2b","5751046","1702739910","2023-12-16 15:18:30","0xc55002bd20718e67d6a52704abb3b7e203388635","0xd152f549545093347a162dce210e7293f1452150","","2.4","0","37.2121169703742","0.03114905799847072","0.482967662398359","6.96","","","Disperse Ether"
"0xa01f1a1030aa66ab3c478980c39d80f90663a774b04597b4d7feb668e3bf3f1d","5751050","1702739958","2023-12-16 15:19:18","0xc55002bd20718e67d6a52704abb3b7e203388635","0xd152f549545093347a162dce210e7293f1452150","","2.4","0","37.2121169703742","0.031145688422990934","0.48291541696632","6.96","","","Disperse Ether"
"0x292d308d59d1e1b28c4b61fffb43d5e7baae182637ad4617e69445e39067f4e1","5751054","1702740012","2023-12-16 15:20:12","0xc55002bd20718e67d6a52704abb3b7e203388635","0xd152f549545093347a162dce210e7293f1452150","","2.4","0","37.2121169703742","0.031149615969173434","0.482976313761299","6.96","","","Disperse Ether"
"0xf963ce5f17c55a65963854f8a48c4be9f6dae50395817c68c911b6645977bf97","5751059","1702740072","2023-12-16 15:21:12","0xc55002bd20718e67d6a52704abb3b7e203388635","0xd152f549545093347a162dce210e7293f1452150","","2.4","0","37.2121169703742","0.031155898648958824","0.483073727017574","6.96","","","Disperse Ether"
"0x2c286752fc7a807b5f266208563a56096ff15d9784259805efae77b81f54653f","5751064","1702740132","2023-12-16 15:22:12","0xc55002bd20718e67d6a52704abb3b7e203388635","0xd152f549545093347a162dce210e7293f1452150","","2.4","0","37.2121169703742","0.030620309711532132","0.474769394439424","6.96","","","Disperse Ether"
"0xd3defaa44246aa4466484961332104e50fd4406f7ffe2a03913ef1d307da66af","5751068","1702740186","2023-12-16 15:23:06","0xc55002bd20718e67d6a52704abb3b7e203388635","0xd152f549545093347a162dce210e7293f1452150","","2.4","0","37.2121169703742","0.030096296476649346","0.46664454369339","6.96","","","Disperse Ether"
"0xeda85097ff8cd629d7b3c4ab9e8720145f43f63e53145ae0f723d193e17312a6","5751072","1702740234","2023-12-16 15:23:54","0xc55002bd20718e67d6a52704abb3b7e203388635","0xd152f549545093347a162dce210e7293f1452150","","2.4","0","37.2121169703742","0.029591853983305404","0.458823138248747","6.96","","","Disperse Ether"
"0xf41652bb95a6e417821d7b2afa1055908f2dc480de5975a382fc87b5a961fee5","5751075","1702740276","2023-12-16 15:24:36","0xc55002bd20718e67d6a52704abb3b7e203388635","0xd152f549545093347a162dce210e7293f1452150","","2.4","0","37.2121169703742","0.029592154361247332","0.458827795623376","6.96","","","Disperse Ether"
"0x95213218c358b7678ec9a607d206e46408675ce7a1ee1123143390c4fbca5413","5751080","1702740336","2023-12-16 15:25:36","0xc55002bd20718e67d6a52704abb3b7e203388635","0xd152f549545093347a162dce210e7293f1452150","","2.4","0","37.2121169703742","0.029099005020158808","0.451181491054856","6.96","","","Disperse Ether"
"0xd1639c730a0183d37a68e5c61e7cf58ca43db9abd366b952ef0b07b7a4a88dd6","5751084","1702740384","2023-12-16 15:26:24","0xc55002bd20718e67d6a52704abb3b7e203388635","0xd152f549545093347a162dce210e7293f1452150","","2.4","0","37.2121169703742","0.03062467321005275","0.474837050696653","6.96","","","Disperse Ether"
"0x615751c4dd8f3b43c5fe7c2e89c70a669602fccc226b7cbc37a0436ce8e51cfa","5751088","1702740432","2023-12-16 15:27:12","0xc55002bd20718e67d6a52704abb3b7e203388635","0xd152f549545093347a162dce210e7293f1452150","","2.4","0","37.2121169703742","0.03010253711757754","0.466741305135136","6.96","","","Disperse Ether"
"0x7e1c0783bda3c3e61871d152ffcf639b2e072e66330215872474fab1ffed635e","5751091","1702740480","2023-12-16 15:28:00","0xc55002bd20718e67d6a52704abb3b7e203388635","0xd152f549545093347a162dce210e7293f1452150","","2.4","0","37.2121169703742","0.02907800499432051","0.450855884630741","6.96","","","Disperse Ether"
"0x047f1185d75ce538d6b12faaf48e866591a34faf186fd5c96fc3c5b5a3ded79d","5751097","1702740559","2023-12-16 15:29:19","0xc55002bd20718e67d6a52704abb3b7e203388635","0xd152f549545093347a162dce210e7293f1452150","","2.4","0","37.2121169703742","0.03114368426283898","0.482884342365485","6.96","","","Disperse Ether"
"0x1615c76eec5884f0942cae9e88521e0bae492d1ac320b0084f05a2ecae94717b","5751101","1702740606","2023-12-16 15:30:06","0xc55002bd20718e67d6a52704abb3b7e203388635","0xd152f549545093347a162dce210e7293f1452150","","2.4","0","37.2121169703742","0.030606070106720794","0.474548608672819","6.96","","","Disperse Ether"
"0x0d5f77cdcc78ff0118c915da52da1a83ea58c1aece774b7339514fb56fe2ceef","5751106","1702740666","2023-12-16 15:31:06","0xc55002bd20718e67d6a52704abb3b7e203388635","0xd152f549545093347a162dce210e7293f1452150","","2.392","0","37.0880765804729","0.031040917485054312","0.481290938467322","6.96","","","Disperse Ether"
"0x2a039c31bc11a21a6101a884e4e980c35d4efd380474d7614409aef5c5ec8386","5755130","1702792704","2023-12-17 05:58:24","0x5aeeca65ff2e885c35541081aefe0e6f5280ba99","0xd152f549545093347a162dce210e7293f1452150","","2.392","0","37.0880765804729","0.028979048047163048","0.449321552342135","6.64","","","Disperse Ether"
"0x8fb58d8e6b4cccad66ea00f8a67d504f70ee63c60927cb2561b845ff54f89ebf","5755134","1702792752","2023-12-17 05:59:12","0x5aeeca65ff2e885c35541081aefe0e6f5280ba99","0xd152f549545093347a162dce210e7293f1452150","","2.4","0","37.2121169703742","0.03114721708625201","0.482939118964686","6.64","","","Disperse Ether"
"0x69f8970656872978e578559cc5f0b061d1ba258d5cc12518d070a88f4448e9d7","5755139","1702792818","2023-12-17 06:00:18","0x5aeeca65ff2e885c35541081aefe0e6f5280ba99","0xd152f549545093347a162dce210e7293f1452150","","2.4","0","37.2121169703742","0.029074262041129098","0.450797849959086","6.64","","","Disperse Ether"
"0x3ba21f5b50cf82ae1dde4d603af3b9da194ee0186a9a945967be12d783022e94","5755144","1702792878","2023-12-17 06:01:18","0x5aeeca65ff2e885c35541081aefe0e6f5280ba99","0xd152f549545093347a162dce210e7293f1452150","","2.4","0","37.2121169703742","0.029074918640200158","0.450808030559683","6.64","","","Disperse Ether"
"0xafefae51a8f8c17580f16848580d97a80d5de58dc7a6f55e6990d01e52b8cb80","5755147","1702792974","2023-12-17 06:02:54","0x5aeeca65ff2e885c35541081aefe0e6f5280ba99","0xd152f549545093347a162dce210e7293f1452150","","2.4","0","37.2121169703742","0.031164945388163","0.483213997149852","6.64","","","Disperse Ether"
"0x707dffdefd89fa18d1ea475285641763576249735d05c6f61970590972737612","5755152","1702793034","2023-12-17 06:03:54","0x5aeeca65ff2e885c35541081aefe0e6f5280ba99","0xd152f549545093347a162dce210e7293f1452150","","2.4","0","37.2121169703742","0.030621133864839782","0.474782172976626","6.64","","","Disperse Ether"
"0x14985c7ea1e3c25d175180a0589931150c7206b7586925d4a48127b746abdc91","5755157","1702793112","2023-12-17 06:05:12","0x5aeeca65ff2e885c35541081aefe0e6f5280ba99","0xd152f549545093347a162dce210e7293f1452150","","2.4","0","37.2121169703742","0.031147135895537658","0.482937860098703","6.64","","","Disperse Ether"
"0xa9d551b4fc3c47b07c0129a852138a75d96d83f8f31116a0727f7a92f65bb185","5755161","1702793160","2023-12-17 06:06:00","0x5aeeca65ff2e885c35541081aefe0e6f5280ba99","0xd152f549545093347a162dce210e7293f1452150","","2.4","0","37.2121169703742","0.031145972042250184","0.482919814496757","6.64","","","Disperse Ether"
"0xe178f2b5cfdb44be4fce0b6b3028103fcbdcdef7dcca377c85c440c35b7ded57","5755166","1702793220","2023-12-17 06:07:00","0x5aeeca65ff2e885c35541081aefe0e6f5280ba99","0xd152f549545093347a162dce210e7293f1452150","","2.4","0","37.2121169703742","0.03115481670982885","0.483056951498633","6.64","","","Disperse Ether"
"0x3a843418a16827e77dff7e3a68f1d1276097533b2954f71da8aedf15e8d702b9","5755170","1702793268","2023-12-17 06:07:48","0x5aeeca65ff2e885c35541081aefe0e6f5280ba99","0xd152f549545093347a162dce210e7293f1452150","","2.4","0","37.2121169703742","0.03114946309942186","0.48297394350835","6.64","","","Disperse Ether"
"0xaa9832864f4ea8e524a9698cc16abae519032c40022212af0ed3ea49cba03238","5755175","1702793328","2023-12-17 06:08:48","0x5aeeca65ff2e885c35541081aefe0e6f5280ba99","0xd152f549545093347a162dce210e7293f1452150","","2.4","0","37.2121169703742","0.03061562006160495","0.47469668118874","6.64","","","Disperse Ether"
"0xcc8296172c9f3c7516a9a04e6a501ac547860d08b121503a1b714cbadd7f5be1","5755184","1702793442","2023-12-17 06:10:42","0x5aeeca65ff2e885c35541081aefe0e6f5280ba99","0xd152f549545093347a162dce210e7293f1452150","","2.4","0","37.2121169703742","0.029074360300966442","0.450799373482653","6.64","","","Disperse Ether"
"0x90084d6536e8bb8c57dd0e05bb79c2cad8e97c446aac17ab443ba46dc2d16a50","5755192","1702793550","2023-12-17 06:12:30","0x5aeeca65ff2e885c35541081aefe0e6f5280ba99","0xd152f549545093347a162dce210e7293f1452150","","2.4","0","37.2121169703742","0.031161487289048732","0.483160379154545","6.64","","","Disperse Ether"
"0x094ae155b9e6d37179531fccc366f21ff9e1651d4ea18fb527dd95f4fd388683","5755199","1702793634","2023-12-17 06:13:54","0x5aeeca65ff2e885c35541081aefe0e6f5280ba99","0xd152f549545093347a162dce210e7293f1452150","","2.4","0","37.2121169703742","0.031161924220413966","0.483167153796658","6.64","","","Disperse Ether"
"0x5dc1dbc0bb121d18533c80bc1f6b63a4467a1d1cc460aa5847a1ce7ccf155e06","5755214","1702793820","2023-12-17 06:17:00","0x5aeeca65ff2e885c35541081aefe0e6f5280ba99","0xd152f549545093347a162dce210e7293f1452150","","2.4","0","37.2121169703742","0.03116004132836632","0.483137959463692","6.64","","","Disperse Ether"
"0x10cd578d87dc10cc981a84c194babceda863388411713560773f153ef0310a4c","5755221","1702793910","2023-12-17 06:18:30","0x5aeeca65ff2e885c35541081aefe0e6f5280ba99","0xd152f549545093347a162dce210e7293f1452150","","2.4","0","37.2121169703742","0.031146763864334456","0.482932091736765","6.64","","","Disperse Ether"
"0xcc8fe1a43f341393993441e820dac506f4a1124d01553ff1e72e325924784696","5755227","1702793988","2023-12-17 06:19:48","0x5aeeca65ff2e885c35541081aefe0e6f5280ba99","0xd152f549545093347a162dce210e7293f1452150","","2.4","0","37.2121169703742","0.031160074391058194","0.483138472102341","6.64","","","Disperse Ether"
"0xd4bb3bb9a766189df6c8684cd7a88424f04d804dd21b2097191f5a1027bc92d5","5755228","1702794090","2023-12-17 06:21:30","0x5aeeca65ff2e885c35541081aefe0e6f5280ba99","0xd152f549545093347a162dce210e7293f1452150","","2.4","0","37.2121169703742","0.031193186762038532","0.48365188102821","6.64","","","Disperse Ether"
"0xc53ad60f42ac7b3eb4e1458c07326efee24a53448f1670cf3afc9189d8d75eb1","5755238","1702794228","2023-12-17 06:23:48","0x5aeeca65ff2e885c35541081aefe0e6f5280ba99","0xd152f549545093347a162dce210e7293f1452150","","2.4","0","37.2121169703742","0.02907404294877145","0.450794452921402","6.64","","","Disperse Ether"
"0xff10f354befeb21d616d31f895650d20f81936797811148b084c723a8e6c593b","5755245","1702794312","2023-12-17 06:25:12","0x5aeeca65ff2e885c35541081aefe0e6f5280ba99","0xd152f549545093347a162dce210e7293f1452150","","2.4","0","37.2121169703742","0.029076470587558772","0.450832093579117","6.64","","","Disperse Ether"
"0x9c057777d43a45b1f0e186035e4a1ae79541ce38a977676adf19df2b1bb673b4","5755254","1702794420","2023-12-17 06:27:00","0x5aeeca65ff2e885c35541081aefe0e6f5280ba99","0xd152f549545093347a162dce210e7293f1452150","","2.4","0","37.2121169703742","0.03060978315141358","0.474606179611746","6.64","","","Disperse Ether"
"0x86cdb8a15e327f3def361d7d9e62324e905acac2a1cf6a90d5e9f352edde195d","5755261","1702794522","2023-12-17 06:28:42","0x5aeeca65ff2e885c35541081aefe0e6f5280ba99","0xd152f549545093347a162dce210e7293f1452150","","2.4","0","37.2121169703742","0.029076190870156692","0.450827756547165","6.64","","","Disperse Ether"
"0xbb20a169ae90942bae650d9eca752e1929a730ce95bcd3dc596f4864f78b3bea","5755266","1702794588","2023-12-17 06:29:48","0x5aeeca65ff2e885c35541081aefe0e6f5280ba99","0xd152f549545093347a162dce210e7293f1452150","","2.4","0","37.2121169703742","0.029075624506291664","0.450818975047834","6.64","","","Disperse Ether"
"0x93b43435b60f806934d377312f5c1a13d3920eb7fde0ab28bf6b879443221082","5755273","1702794678","2023-12-17 06:31:18","0x5aeeca65ff2e885c35541081aefe0e6f5280ba99","0xd152f549545093347a162dce210e7293f1452150","","2.4","0","37.2121169703742","0.029082468111294724","0.450925085476948","6.64","","","Disperse Ether"
"0x7def8e69499e89926dafe2741df80b3d1c729d33503af58ee90587b7d2365067","5755282","1702794786","2023-12-17 06:33:06","0x5aeeca65ff2e885c35541081aefe0e6f5280ba99","0xd152f549545093347a162dce210e7293f1452150","","2.4","0","37.2121169703742","0.02907394890088597","0.450792994704354","6.64","","","Disperse Ether"
"0xc18e87a702fde6d051e07b37c821f0305a5918605cad7f96b87eb84679a0ea07","5755289","1702794870","2023-12-17 06:34:30","0x5aeeca65ff2e885c35541081aefe0e6f5280ba99","0xd152f549545093347a162dce210e7293f1452150","","2.4","0","37.2121169703742","0.031149222097065072","0.482970206755062","6.64","","","Disperse Ether"
"0xcfbe5fa20a57e6cc1940694df7930071f5b4cf880108bc6118a8ea8cd8e41d11","5755293","1702794918","2023-12-17 06:35:18","0x5aeeca65ff2e885c35541081aefe0e6f5280ba99","0xd152f549545093347a162dce210e7293f1452150","","2.4","0","37.2121169703742","0.029075186285859388","0.450812180418674","6.64","","","Disperse Ether"
"0x37b8f3d750564a7d2f3c3575d6572ce971adab3e3aa2b5bfc6855414dd56e251","5755300","1702795009","2023-12-17 06:36:49","0x5aeeca65ff2e885c35541081aefe0e6f5280ba99","0xd152f549545093347a162dce210e7293f1452150","","2.4","0","37.2121169703742","0.029077505961595788","0.450848147104023","6.64","","","Disperse Ether"
"0x17c4715fda5b6b4986f8164c13a91dadaf5b7149ba02611260dec76f698f593d","5755306","1702795080","2023-12-17 06:38:00","0x5aeeca65ff2e885c35541081aefe0e6f5280ba99","0xd152f549545093347a162dce210e7293f1452150","","2.4","0","37.2121169703742","0.029075662081936132","0.450819557660033","6.64","","","Disperse Ether"
"0xfd4c5c6f5db23cc97f61ec9003f0f604b48cb35d0e09f2939a63bf5ec443fd79","5755312","1702795158","2023-12-17 06:39:18","0x5aeeca65ff2e885c35541081aefe0e6f5280ba99","0xd152f549545093347a162dce210e7293f1452150","","2.4","0","37.2121169703742","0.02907313700834813","0.450780406270985","6.64","","","Disperse Ether"
"0x01caadd4ec27155e037179e2624373c1544e591404cce18dacac6d76caec19e7","5755319","1702795242","2023-12-17 06:40:42","0x5aeeca65ff2e885c35541081aefe0e6f5280ba99","0xd152f549545093347a162dce210e7293f1452150","","2.4","0","37.2121169703742","0.031152737850422514","0.483024718682219","6.64","","","Disperse Ether"
"0xcfef36a8f35ca6d1b2dcda027a87291dccf4a66904b9eff6e4b5a03a4462ea67","5755328","1702795350","2023-12-17 06:42:30","0x5aeeca65ff2e885c35541081aefe0e6f5280ba99","0xd152f549545093347a162dce210e7293f1452150","","2.4","0","37.2121169703742","0.031160493460025006","0.483144969787096","6.64","","","Disperse Ether"
"0xc3d3202ae83b485f088fb42fcabd7ca951e6aab06e3969803dbdce219145610c","5755333","1702795410","2023-12-17 06:43:30","0x5aeeca65ff2e885c35541081aefe0e6f5280ba99","0xd152f549545093347a162dce210e7293f1452150","","1.6","0","24.8080779802494","0.02077895260915408","0.322178672922376","6.64","","","Disperse Ether"
"0x39a4b07dda96f831e606e0415e9a0551dd5b1b6b90ca8cd83ec88db61684503b","5755338","1702795470","2023-12-17 06:44:30","0x5aeeca65ff2e885c35541081aefe0e6f5280ba99","0xd152f549545093347a162dce210e7293f1452150","","1.592","0","24.6840375903482","0.020681288501412888","0.320664386171929","6.64","","","Disperse Ether"
"0x73fa2d616ec6b78a2131fe5011a3fe8e7da2c712fe0019888451746c1f152521","5869818","1704293226","2024-01-03 14:47:06","0x61fb33ba37fca4c1ca7d3533a42d22800c8e257f","0xd152f549545093347a162dce210e7293f1452150","","0","0","0","0.000995346","0.0154328882408308","24.94","","","Disperse Token"
"0xcb16535bf2877e43b47327c58dba9eddcd9f29e8d3dd5ce6e98f5d178278d4cf","5869860","1704293748","2024-01-03 14:55:48","0x61fb33ba37fca4c1ca7d3533a42d22800c8e257f","0xd152f549545093347a162dce210e7293f1452150","","0","0","0","0.000967329","0.0149984832903479","24.94","","","Disperse Token"
"0x4fa2204633038dde7a74f4962e31b796d4109b2c702653462e20363759492cf9","5869893","1704294150","2024-01-03 15:02:30","0x61fb33ba37fca4c1ca7d3533a42d22800c8e257f","0xd152f549545093347a162dce210e7293f1452150","","0","0","0","0.001403034786","0.0217541227375566","24.94","","","Disperse Token"
"0x7bd4acb7d9438f4061f6f273a903db7a73f4c4b356ec1d3b072aef6eef332809","5869932","1704294624","2024-01-03 15:10:24","0x61fb33ba37fca4c1ca7d3533a42d22800c8e257f","0xd152f549545093347a162dce210e7293f1452150","","0","0","0","0.001106167968","0.0171511882558738","24.94","","","Disperse Token"
"0x9e6151a4f8a04313056d69e5bbb84a49f33b20357a66f75628bc3ef18c6c3d38","5869968","1704295062","2024-01-03 15:17:42","0x61fb33ba37fca4c1ca7d3533a42d22800c8e257f","0xd152f549545093347a162dce210e7293f1452150","","0","0","0","0.001106167968","0.0171511882558738","24.94","","","Disperse Token"
"0x4eca510e250777323e3e732ed1cdf0a61cd3e9c940eee0c391d957f5695e4d8b","6271462","1709573382","2024-03-04 17:29:42","0x61fb33ba37fca4c1ca7d3533a42d22800c8e257f","0xd152f549545093347a162dce210e7293f1452150","","0","0","0","0.000806891706","0.0125108952275403","24.63","","","Disperse Token"
"0xcb8ff24e1106558ac0cd6a9bd28eaab77dc249c5ec4feb2097b47d65a2af787f","6275997","1709632032","2024-03-05 09:47:12","0x61fb33ba37fca4c1ca7d3533a42d22800c8e257f","0xd152f549545093347a162dce210e7293f1452150","","0","0","0","0.004319898","0.0669802290317022","22.47","","","Disperse Token"
"0x6b6c92e683a2953e897fb17c6633974f38c122e136f05f92597c5f2696c91c69","6322548","1710234372","2024-03-12 09:06:12","0x61fb33ba37fca4c1ca7d3533a42d22800c8e257f","0xd152f549545093347a162dce210e7293f1452150","","0","0","0","0.000741246","0.0114930553565925","24.52","","","Disperse Token"
"0x58e07e3acf72b9e1fb0d80c37f0525252b888135c1ad854ea0f674bec5283663","6362730","1710751836","2024-03-18 08:50:36","0x61fb33ba37fca4c1ca7d3533a42d22800c8e257f","0xd152f549545093347a162dce210e7293f1452150","","0","0","0","0.00090587322","0.0140456084262373","20.98","","","Disperse Token"
"0xa4616fa4cd9e315f3ad896266082a61995672bcf97f62736f61e1a934cc371b3","6409690","1711357176","2024-03-25 08:59:36","0x61fb33ba37fca4c1ca7d3533a42d22800c8e257f","0xd152f549545093347a162dce210e7293f1452150","","0","0","0","0.000773859006","0.0119987216041039","22.31","","","Disperse Token"
"0xb8740d9cf5e3ed4ca1d8f8c33fbada8597477907257d39512ed63fb30862cab0","6652124","1714410066","2024-04-29 17:01:06","0xa79268c54d599bfd86d8b41d5071ac8c3ac6b74f","0xd152f549545093347a162dce210e7293f1452150","","18.458009322280310994","0","286.192334142063","0.0001074375","0.00166582367375191","12.86","","","Disperse Ether"
