tx,from,to,value
0x80c2cdb9f4a3c9a8ef1ff1f5e8724b845edf00e09bdd7cf68319b83449ae6831,0x96534e48cfd8eabbb2a8e064b719466703466a76,0xc71df4ed93352412254f8f8f9b0fe561519211df,7700000000000000000
0x80c2cdb9f4a3c9a8ef1ff1f5e8724b845edf00e09bdd7cf68319b83449ae6831,0x96534e48cfd8eabbb2a8e064b719466703466a76,0x4b3ebf8cf1b3d508cea8847b561d4b337cedb04a,7700000000000000000
0x80c2cdb9f4a3c9a8ef1ff1f5e8724b845edf00e09bdd7cf68319b83449ae6831,0x96534e48cfd8eabbb2a8e064b719466703466a76,0xc07be44b988d85b4b9868f3db20e5308f870fa21,7700000000000000000
0x80c2cdb9f4a3c9a8ef1ff1f5e8724b845edf00e09bdd7cf68319b83449ae6831,0x96534e48cfd8eabbb2a8e064b719466703466a76,0x6dfe51f622a16b1978b0ad29b48c920d057dca28,7700000000000000000
0x80c2cdb9f4a3c9a8ef1ff1f5e8724b845edf00e09bdd7cf68319b83449ae6831,0x96534e48cfd8eabbb2a8e064b719466703466a76,0x61b061b0a8a58eabcfa6138849a05331951c37af,7700000000000000000
0x80c2cdb9f4a3c9a8ef1ff1f5e8724b845edf00e09bdd7cf68319b83449ae6831,0x96534e48cfd8eabbb2a8e064b719466703466a76,0x8cc6d083dec35b1c0779e1d8940f1855a66af35c,7700000000000000000
0x80c2cdb9f4a3c9a8ef1ff1f5e8724b845edf00e09bdd7cf68319b83449ae6831,0x96534e48cfd8eabbb2a8e064b719466703466a76,0x6ca5165b732fa7a3ac3696e578e452f449ac8c60,7700000000000000000
0x80c2cdb9f4a3c9a8ef1ff1f5e8724b845edf00e09bdd7cf68319b83449ae6831,0x96534e48cfd8eabbb2a8e064b719466703466a76,0xe53d72145a9dc363323e12985487f93a49a5e988,7700000000000000000
0x80c2cdb9f4a3c9a8ef1ff1f5e8724b845edf00e09bdd7cf68319b83449ae6831,0x96534e48cfd8eabbb2a8e064b719466703466a76,0x461041c80d993a9a4ef7bc1c2467ae470436e7fe,7700000000000000000
0x80c2cdb9f4a3c9a8ef1ff1f5e8724b845edf00e09bdd7cf68319b83449ae6831,0x96534e48cfd8eabbb2a8e064b719466703466a76,0x09e796cc0f22d956892695f0bc506c73f91fc0bf,7700000000000000000
0x80c2cdb9f4a3c9a8ef1ff1f5e8724b845edf00e09bdd7cf68319b83449ae6831,0x96534e48cfd8eabbb2a8e064b719466703466a76,0x37d82d3b7bbae0acb8e42938560884f5959bb20c,7700000000000000000
0x80c2cdb9f4a3c9a8ef1ff1f5e8724b845edf00e09bdd7cf68319b83449ae6831,0x96534e48cfd8eabbb2a8e064b719466703466a76,0xcbced02fde277a3b54e19b0c14118521328746af,7700000000000000000
0x80c2cdb9f4a3c9a8ef1ff1f5e8724b845edf00e09bdd7cf68319b83449ae6831,0x96534e48cfd8eabbb2a8e064b719466703466a76,0x8b01cedcbe8162350eee280148b24f8b53a904ac,7700000000000000000
0x80c2cdb9f4a3c9a8ef1ff1f5e8724b845edf00e09bdd7cf68319b83449ae6831,0x96534e48cfd8eabbb2a8e064b719466703466a76,0xa120b4a9ca0f9dbeda9786a6683d1f1d82c503c6,7700000000000000000
0x80c2cdb9f4a3c9a8ef1ff1f5e8724b845edf00e09bdd7cf68319b83449ae6831,0x96534e48cfd8eabbb2a8e064b719466703466a76,0xf10d43cda49099f5f4c47f2bf77ec89aad09b0f2,7700000000000000000
0x80c2cdb9f4a3c9a8ef1ff1f5e8724b845edf00e09bdd7cf68319b83449ae6831,0x96534e48cfd8eabbb2a8e064b719466703466a76,0x61f5e60efdb47e80db3553491f47e1b2017bd36e,7700000000000000000
0x80c2cdb9f4a3c9a8ef1ff1f5e8724b845edf00e09bdd7cf68319b83449ae6831,0x96534e48cfd8eabbb2a8e064b719466703466a76,0x7784b18f9f8d995dafbf061db50408a6cd264147,7700000000000000000
0x80c2cdb9f4a3c9a8ef1ff1f5e8724b845edf00e09bdd7cf68319b83449ae6831,0x96534e48cfd8eabbb2a8e064b719466703466a76,0xc9d5febe4afee6637fedcdec1df807916494648e,7700000000000000000
0x80c2cdb9f4a3c9a8ef1ff1f5e8724b845edf00e09bdd7cf68319b83449ae6831,0x96534e48cfd8eabbb2a8e064b719466703466a76,0x2f11453adddf3e8a34e1f9b66c76c13203cbf330,7700000000000000000
0x80c2cdb9f4a3c9a8ef1ff1f5e8724b845edf00e09bdd7cf68319b83449ae6831,0x96534e48cfd8eabbb2a8e064b719466703466a76,0xcc7161103a110ab256655dfe04d7525a12696ab7,7700000000000000000
0x80c2cdb9f4a3c9a8ef1ff1f5e8724b845edf00e09bdd7cf68319b83449ae6831,0x96534e48cfd8eabbb2a8e064b719466703466a76,0xbf55f7606ebbade9f74ccd318570dab524a49c4b,7700000000000000000
0x80c2cdb9f4a3c9a8ef1ff1f5e8724b845edf00e09bdd7cf68319b83449ae6831,0x96534e48cfd8eabbb2a8e064b719466703466a76,0x3f901877c4de4f71ccfada12ead2c7114c8f3c6f,7700000000000000000
0x80c2cdb9f4a3c9a8ef1ff1f5e8724b845edf00e09bdd7cf68319b83449ae6831,0x96534e48cfd8eabbb2a8e064b719466703466a76,0x3ccdd2b2921f44d4bf907ae0c6f130dd90561ed1,7700000000000000000
0x80c2cdb9f4a3c9a8ef1ff1f5e8724b845edf00e09bdd7cf68319b83449ae6831,0x96534e48cfd8eabbb2a8e064b719466703466a76,0x2e90e0f2a401096b8b41d758f5f66231f4892dd2,7700000000000000000
0x80c2cdb9f4a3c9a8ef1ff1f5e8724b845edf00e09bdd7cf68319b83449ae6831,0x96534e48cfd8eabbb2a8e064b719466703466a76,0xb25c0ac2e71fdab4211aadbec7aaa8acfda1197e,7700000000000000000
0x80c2cdb9f4a3c9a8ef1ff1f5e8724b845edf00e09bdd7cf68319b83449ae6831,0x96534e48cfd8eabbb2a8e064b719466703466a76,0xa4e8af7e4c96b6d537bada6f11ceb74520a2e9a8,7700000000000000000
0x80c2cdb9f4a3c9a8ef1ff1f5e8724b845edf00e09bdd7cf68319b83449ae6831,0x96534e48cfd8eabbb2a8e064b719466703466a76,0x7eedd0f0f35e70ea966f2dd49ed1711e27a98aca,7700000000000000000
0x80c2cdb9f4a3c9a8ef1ff1f5e8724b845edf00e09bdd7cf68319b83449ae6831,0x96534e48cfd8eabbb2a8e064b719466703466a76,0x35335bcc3429eaed34bc5aa9ab6b81a10ad5499d,7700000000000000000
0x80c2cdb9f4a3c9a8ef1ff1f5e8724b845edf00e09bdd7cf68319b83449ae6831,0x96534e48cfd8eabbb2a8e064b719466703466a76,0x2b608b22c3d01bb7fb677d15d08ea29db700c3b0,7700000000000000000
0x80c2cdb9f4a3c9a8ef1ff1f5e8724b845edf00e09bdd7cf68319b83449ae6831,0x96534e48cfd8eabbb2a8e064b719466703466a76,0xe857d137ae03c9d1fa811f857630aac03fed52c1,7700000000000000000
0x80c2cdb9f4a3c9a8ef1ff1f5e8724b845edf00e09bdd7cf68319b83449ae6831,0x96534e48cfd8eabbb2a8e064b719466703466a76,0x96534e48cfd8eabbb2a8e064b719466703466a76,7700000000000000000
0x80c2cdb9f4a3c9a8ef1ff1f5e8724b845edf00e09bdd7cf68319b83449ae6831,0x96534e48cfd8eabbb2a8e064b719466703466a76,0xd3977ae5b404c6f3dd723f5603e7554817d80940,7700000000000000000
0x80c2cdb9f4a3c9a8ef1ff1f5e8724b845edf00e09bdd7cf68319b83449ae6831,0x96534e48cfd8eabbb2a8e064b719466703466a76,0xce23acf76228582e8d3d8778254c877a4ba5e13b,7700000000000000000
0x80c2cdb9f4a3c9a8ef1ff1f5e8724b845edf00e09bdd7cf68319b83449ae6831,0x96534e48cfd8eabbb2a8e064b719466703466a76,0x1be4d2bafe504679a3e88ecd86704d4672100860,7700000000000000000
0x80c2cdb9f4a3c9a8ef1ff1f5e8724b845edf00e09bdd7cf68319b83449ae6831,0x96534e48cfd8eabbb2a8e064b719466703466a76,0xf54b35576cc163a9b5d609614ae6316d12b817e3,7700000000000000000
0x80c2cdb9f4a3c9a8ef1ff1f5e8724b845edf00e09bdd7cf68319b83449ae6831,0x96534e48cfd8eabbb2a8e064b719466703466a76,0xa56f6e94f82435919388b7f8ff957210a93c14a0,7700000000000000000
0x80c2cdb9f4a3c9a8ef1ff1f5e8724b845edf00e09bdd7cf68319b83449ae6831,0x96534e48cfd8eabbb2a8e064b719466703466a76,0x5ad2fd0a8e1815d4ad7769d2ef03bf3b31bfe6a0,7700000000000000000
0x80c2cdb9f4a3c9a8ef1ff1f5e8724b845edf00e09bdd7cf68319b83449ae6831,0x96534e48cfd8eabbb2a8e064b719466703466a76,0x9ecd5de32cc5041c6a73a7353efacf3f950074f0,7700000000000000000
0x80c2cdb9f4a3c9a8ef1ff1f5e8724b845edf00e09bdd7cf68319b83449ae6831,0x96534e48cfd8eabbb2a8e064b719466703466a76,0x8d9ac7e16e5fa4971b32a0019d4d099ba00deb6c,7700000000000000000
0x80c2cdb9f4a3c9a8ef1ff1f5e8724b845edf00e09bdd7cf68319b83449ae6831,0x96534e48cfd8eabbb2a8e064b719466703466a76,0x7dc4b46d0f2a2bbd9b080b089c8a4857f660a6e4,7700000000000000000
0x80c2cdb9f4a3c9a8ef1ff1f5e8724b845edf00e09bdd7cf68319b83449ae6831,0x96534e48cfd8eabbb2a8e064b719466703466a76,0x3d2f6f18c51f3b72382f5aea85bde2cfeab25dc6,7700000000000000000
0x80c2cdb9f4a3c9a8ef1ff1f5e8724b845edf00e09bdd7cf68319b83449ae6831,0x96534e48cfd8eabbb2a8e064b719466703466a76,0x899725bb6c7b7a4b01c65b0b362030d0191c1f45,7700000000000000000
0x80c2cdb9f4a3c9a8ef1ff1f5e8724b845edf00e09bdd7cf68319b83449ae6831,0x96534e48cfd8eabbb2a8e064b719466703466a76,0x8d4a27d0d61aa7a024d909459d8fca93a91f6b3c,7700000000000000000
0x80c2cdb9f4a3c9a8ef1ff1f5e8724b845edf00e09bdd7cf68319b83449ae6831,0x96534e48cfd8eabbb2a8e064b719466703466a76,0x95237a8d6e31fad655946bc5d47875ac6f1ea039,7700000000000000000
0x80c2cdb9f4a3c9a8ef1ff1f5e8724b845edf00e09bdd7cf68319b83449ae6831,0x96534e48cfd8eabbb2a8e064b719466703466a76,0x75c28b9a012badf9057953655becf9c56596fc6a,7700000000000000000
0x80c2cdb9f4a3c9a8ef1ff1f5e8724b845edf00e09bdd7cf68319b83449ae6831,0x96534e48cfd8eabbb2a8e064b719466703466a76,0x0cce1c6af7117a5f13ca57000b9a91aa21892f39,7700000000000000000
0x80c2cdb9f4a3c9a8ef1ff1f5e8724b845edf00e09bdd7cf68319b83449ae6831,0x96534e48cfd8eabbb2a8e064b719466703466a76,0x7540d7d34bab96fdc81b01e90111f9e7f99e736d,7700000000000000000
0x80c2cdb9f4a3c9a8ef1ff1f5e8724b845edf00e09bdd7cf68319b83449ae6831,0x96534e48cfd8eabbb2a8e064b719466703466a76,0x2034eb101103ba6c177368fbb35730449a475066,7700000000000000000
0x80c2cdb9f4a3c9a8ef1ff1f5e8724b845edf00e09bdd7cf68319b83449ae6831,0x96534e48cfd8eabbb2a8e064b719466703466a76,0x0299f5f083c2d282cfdd6b9c74149a35b5cddba9,7700000000000000000
0x80c2cdb9f4a3c9a8ef1ff1f5e8724b845edf00e09bdd7cf68319b83449ae6831,0x96534e48cfd8eabbb2a8e064b719466703466a76,0x9604504f1ed7408425756314b2b47032351d5994,7700000000000000000
0x80c2cdb9f4a3c9a8ef1ff1f5e8724b845edf00e09bdd7cf68319b83449ae6831,0x96534e48cfd8eabbb2a8e064b719466703466a76,0x18c6e0105cceab59ab64a5d5bff7a938c264d43b,7700000000000000000
0x80c2cdb9f4a3c9a8ef1ff1f5e8724b845edf00e09bdd7cf68319b83449ae6831,0x96534e48cfd8eabbb2a8e064b719466703466a76,0x37755c7dae9cdcbb3e8a0ad643fd0fa4339225a7,7700000000000000000
0x80c2cdb9f4a3c9a8ef1ff1f5e8724b845edf00e09bdd7cf68319b83449ae6831,0x96534e48cfd8eabbb2a8e064b719466703466a76,0x00f0299936cb5722aa46166ccfba002b5cceed69,7700000000000000000
0x80c2cdb9f4a3c9a8ef1ff1f5e8724b845edf00e09bdd7cf68319b83449ae6831,0x96534e48cfd8eabbb2a8e064b719466703466a76,0x674f7ec6fa7a3b19aa3c89038227bbc38928dd77,7700000000000000000
0x80c2cdb9f4a3c9a8ef1ff1f5e8724b845edf00e09bdd7cf68319b83449ae6831,0x96534e48cfd8eabbb2a8e064b719466703466a76,0xd4c7abe6fa162ab1b10b14111b9a33d12e00eeb8,7700000000000000000
0x80c2cdb9f4a3c9a8ef1ff1f5e8724b845edf00e09bdd7cf68319b83449ae6831,0x96534e48cfd8eabbb2a8e064b719466703466a76,0xa3f86cc5bdfc9e8d2e553e3819782f9d944883fd,7700000000000000000
0x80c2cdb9f4a3c9a8ef1ff1f5e8724b845edf00e09bdd7cf68319b83449ae6831,0x96534e48cfd8eabbb2a8e064b719466703466a76,0x552f7a75949717d63b6749752610adcc50c83f13,7700000000000000000
0x80c2cdb9f4a3c9a8ef1ff1f5e8724b845edf00e09bdd7cf68319b83449ae6831,0x96534e48cfd8eabbb2a8e064b719466703466a76,0xfd8188ac85de201d009fb72e3f360297a0274453,7700000000000000000
0x80c2cdb9f4a3c9a8ef1ff1f5e8724b845edf00e09bdd7cf68319b83449ae6831,0x96534e48cfd8eabbb2a8e064b719466703466a76,0x566321c4d24cdf620b48cbdad54a135f5cf64625,7700000000000000000
0x80c2cdb9f4a3c9a8ef1ff1f5e8724b845edf00e09bdd7cf68319b83449ae6831,0x96534e48cfd8eabbb2a8e064b719466703466a76,0xfb0b45d6e1efa4d1c53b61c97fd2099d3fabf62e,7700000000000000000
0x80c2cdb9f4a3c9a8ef1ff1f5e8724b845edf00e09bdd7cf68319b83449ae6831,0x96534e48cfd8eabbb2a8e064b719466703466a76,0xd1c6ae65955b119f0e6471ee17c890cb772a4f9f,7700000000000000000
0x80c2cdb9f4a3c9a8ef1ff1f5e8724b845edf00e09bdd7cf68319b83449ae6831,0x96534e48cfd8eabbb2a8e064b719466703466a76,0xf5288580da95b128f10638fabcae2e34cb0447ae,7700000000000000000
0x80c2cdb9f4a3c9a8ef1ff1f5e8724b845edf00e09bdd7cf68319b83449ae6831,0x96534e48cfd8eabbb2a8e064b719466703466a76,0x058edfa81c09a5f5f49c360c85f5d5f33f6fa0e0,7700000000000000000
0x80c2cdb9f4a3c9a8ef1ff1f5e8724b845edf00e09bdd7cf68319b83449ae6831,0x96534e48cfd8eabbb2a8e064b719466703466a76,0x753835c78799b2451a3f5a114ad59d6a7cd7645b,7700000000000000000
0x80c2cdb9f4a3c9a8ef1ff1f5e8724b845edf00e09bdd7cf68319b83449ae6831,0x96534e48cfd8eabbb2a8e064b719466703466a76,0xb2cfcd3ee36ca9d079e1818a8ff1842c10dacb47,7700000000000000000
0x80c2cdb9f4a3c9a8ef1ff1f5e8724b845edf00e09bdd7cf68319b83449ae6831,0x96534e48cfd8eabbb2a8e064b719466703466a76,0x284f76d0ecfe88417d27bddacf1dd69f231982f4,7700000000000000000
0x80c2cdb9f4a3c9a8ef1ff1f5e8724b845edf00e09bdd7cf68319b83449ae6831,0x96534e48cfd8eabbb2a8e064b719466703466a76,0xf286b072e71cc44404e61592812e53d3eb9548d3,7700000000000000000
0x80c2cdb9f4a3c9a8ef1ff1f5e8724b845edf00e09bdd7cf68319b83449ae6831,0x96534e48cfd8eabbb2a8e064b719466703466a76,0x9b5372e577de9877ed2d830ffb2595488c68f306,7700000000000000000
0x80c2cdb9f4a3c9a8ef1ff1f5e8724b845edf00e09bdd7cf68319b83449ae6831,0x96534e48cfd8eabbb2a8e064b719466703466a76,0x1cedc68b17d0b4f7f5a2930b98de45f0db521fb7,7700000000000000000
0x80c2cdb9f4a3c9a8ef1ff1f5e8724b845edf00e09bdd7cf68319b83449ae6831,0x96534e48cfd8eabbb2a8e064b719466703466a76,0x64bf81eec8a70e975d7e7c9d18a0518496442fb4,7700000000000000000
0xdc50c7f7936cb4a50222a3cb0e5722d5fa253183cd4d76134121bdcbf0b000b1,0x6c2ddf2e9d62b4b301539e700d85a4c5dcacd4f1,0x872bb5243f913e3b68ad8f888278deece0074622,10000000000000000000
0xdc50c7f7936cb4a50222a3cb0e5722d5fa253183cd4d76134121bdcbf0b000b1,0x6c2ddf2e9d62b4b301539e700d85a4c5dcacd4f1,0xc291ffb51ca8f730e01f85dabfd464de24ef3f10,10000000000000000000
0xdc50c7f7936cb4a50222a3cb0e5722d5fa253183cd4d76134121bdcbf0b000b1,0x6c2ddf2e9d62b4b301539e700d85a4c5dcacd4f1,0xc259ffd187f28e9fd651099e51bf5c9ebe8b3c99,10000000000000000000
0xdc50c7f7936cb4a50222a3cb0e5722d5fa253183cd4d76134121bdcbf0b000b1,0x6c2ddf2e9d62b4b301539e700d85a4c5dcacd4f1,0x42e49968b3857a89c2113366e8530f71dd631de5,10000000000000000000
0xdc50c7f7936cb4a50222a3cb0e5722d5fa253183cd4d76134121bdcbf0b000b1,0x6c2ddf2e9d62b4b301539e700d85a4c5dcacd4f1,0x6a47d4543e05afd89b051c3429fecb3d955f0894,10000000000000000000
0xdc50c7f7936cb4a50222a3cb0e5722d5fa253183cd4d76134121bdcbf0b000b1,0x6c2ddf2e9d62b4b301539e700d85a4c5dcacd4f1,0xd4c1f3d464a6a3573821f25c89a40cce42f20eaf,10000000000000000000
0xdc50c7f7936cb4a50222a3cb0e5722d5fa253183cd4d76134121bdcbf0b000b1,0x6c2ddf2e9d62b4b301539e700d85a4c5dcacd4f1,0x250e1ebc24e0632caef7a1ff9d72782640ad6928,10000000000000000000
0xdc50c7f7936cb4a50222a3cb0e5722d5fa253183cd4d76134121bdcbf0b000b1,0x6c2ddf2e9d62b4b301539e700d85a4c5dcacd4f1,0x69ef4ff61d71898ed6f63d40093d2c2eb64c1b42,10000000000000000000
0xdc50c7f7936cb4a50222a3cb0e5722d5fa253183cd4d76134121bdcbf0b000b1,0x6c2ddf2e9d62b4b301539e700d85a4c5dcacd4f1,0xc5951f7f55862fa4784eea4308b2a2b7a1172bbd,10000000000000000000
0xdc50c7f7936cb4a50222a3cb0e5722d5fa253183cd4d76134121bdcbf0b000b1,0x6c2ddf2e9d62b4b301539e700d85a4c5dcacd4f1,0x33c32684edfb3f3e7b8569ed5eab461d239698af,10000000000000000000
0xdc50c7f7936cb4a50222a3cb0e5722d5fa253183cd4d76134121bdcbf0b000b1,0x6c2ddf2e9d62b4b301539e700d85a4c5dcacd4f1,0x5c35abe2560c7f6251d04eae6b9c591714084213,10000000000000000000
0xdc50c7f7936cb4a50222a3cb0e5722d5fa253183cd4d76134121bdcbf0b000b1,0x6c2ddf2e9d62b4b301539e700d85a4c5dcacd4f1,0x2f56b563198f69793f10dcb45a445e1673283775,10000000000000000000
0xdc50c7f7936cb4a50222a3cb0e5722d5fa253183cd4d76134121bdcbf0b000b1,0x6c2ddf2e9d62b4b301539e700d85a4c5dcacd4f1,0x76ec8f7819c6cdf1c20a1f4db9246798259a8dc2,10000000000000000000
0xdc50c7f7936cb4a50222a3cb0e5722d5fa253183cd4d76134121bdcbf0b000b1,0x6c2ddf2e9d62b4b301539e700d85a4c5dcacd4f1,0xae50d6529a162420bc96c832949f095c5aa25cab,10000000000000000000
0xdc50c7f7936cb4a50222a3cb0e5722d5fa253183cd4d76134121bdcbf0b000b1,0x6c2ddf2e9d62b4b301539e700d85a4c5dcacd4f1,0xa3dbfc00c802cbcc8b96cf327a8e2bbb93541a39,10000000000000000000
0xdc50c7f7936cb4a50222a3cb0e5722d5fa253183cd4d76134121bdcbf0b000b1,0x6c2ddf2e9d62b4b301539e700d85a4c5dcacd4f1,0x209153cbc2296b90e79c7718c8b6821d3afd7934,10000000000000000000
0xdc50c7f7936cb4a50222a3cb0e5722d5fa253183cd4d76134121bdcbf0b000b1,0x6c2ddf2e9d62b4b301539e700d85a4c5dcacd4f1,0x1e8f1bd0f5d3da0e3281e90f31fffffe4e44788b,10000000000000000000
0xdc50c7f7936cb4a50222a3cb0e5722d5fa253183cd4d76134121bdcbf0b000b1,0x6c2ddf2e9d62b4b301539e700d85a4c5dcacd4f1,0xde43aa1a65c5d1aba3ab55185c064d6612ecd385,10000000000000000000
0xdc50c7f7936cb4a50222a3cb0e5722d5fa253183cd4d76134121bdcbf0b000b1,0x6c2ddf2e9d62b4b301539e700d85a4c5dcacd4f1,0x244af10e022bd071d537973332603dc678662407,10000000000000000000
0xdc50c7f7936cb4a50222a3cb0e5722d5fa253183cd4d76134121bdcbf0b000b1,0x6c2ddf2e9d62b4b301539e700d85a4c5dcacd4f1,0x0c7ca50425656bbf2e61fb0b8ce6dc16c1463387,10000000000000000000
0xdc50c7f7936cb4a50222a3cb0e5722d5fa253183cd4d76134121bdcbf0b000b1,0x6c2ddf2e9d62b4b301539e700d85a4c5dcacd4f1,0x3ef54ceaf48adec0b3ddc51c1a0f7d2ce717599a,10000000000000000000
0xdc50c7f7936cb4a50222a3cb0e5722d5fa253183cd4d76134121bdcbf0b000b1,0x6c2ddf2e9d62b4b301539e700d85a4c5dcacd4f1,0xa20d460f9e967020cbf783263ceaeaa00853bb0a,10000000000000000000
0xdc50c7f7936cb4a50222a3cb0e5722d5fa253183cd4d76134121bdcbf0b000b1,0x6c2ddf2e9d62b4b301539e700d85a4c5dcacd4f1,0x540228059a395f0df7af2c45ca0fefe8af9eda09,10000000000000000000
0xdc50c7f7936cb4a50222a3cb0e5722d5fa253183cd4d76134121bdcbf0b000b1,0x6c2ddf2e9d62b4b301539e700d85a4c5dcacd4f1,0xfa90af2861658f66054cb2f9cb76b415a6dbbcf8,10000000000000000000
0xdc50c7f7936cb4a50222a3cb0e5722d5fa253183cd4d76134121bdcbf0b000b1,0x6c2ddf2e9d62b4b301539e700d85a4c5dcacd4f1,0x30fda497f286e081d47268fe42ba1bb499ebfe49,10000000000000000000
0xdc50c7f7936cb4a50222a3cb0e5722d5fa253183cd4d76134121bdcbf0b000b1,0x6c2ddf2e9d62b4b301539e700d85a4c5dcacd4f1,0xfe504169100d8f223354cee4fc158d7d7ea4ceaa,10000000000000000000
0xdc50c7f7936cb4a50222a3cb0e5722d5fa253183cd4d76134121bdcbf0b000b1,0x6c2ddf2e9d62b4b301539e700d85a4c5dcacd4f1,0x91b22e1ca60b85fd4187acbbe89d46021354c32a,10000000000000000000
0xdc50c7f7936cb4a50222a3cb0e5722d5fa253183cd4d76134121bdcbf0b000b1,0x6c2ddf2e9d62b4b301539e700d85a4c5dcacd4f1,0xbfe9db4695fcf40703638ab3a6aa31364af1fad4,10000000000000000000
0xdc50c7f7936cb4a50222a3cb0e5722d5fa253183cd4d76134121bdcbf0b000b1,0x6c2ddf2e9d62b4b301539e700d85a4c5dcacd4f1,0xd31f27184a3de5bcdaf1c1d8a6ae9517dd0c3787,10000000000000000000
0xdc50c7f7936cb4a50222a3cb0e5722d5fa253183cd4d76134121bdcbf0b000b1,0x6c2ddf2e9d62b4b301539e700d85a4c5dcacd4f1,0x24dd4a0c5152eb0a7e2d4960c829dd602a7e12b5,10000000000000000000
0xbe6fe4efda8c9f114892afec900e104c0db06a23887235bb1b56f1f024c41ca9,0x271d8e39108990e89de0aef49275a194269b58c5,0x634e5e85c6e6ce537268df59a8d0b0d34cc1891a,2000000000000000000
0xbe6fe4efda8c9f114892afec900e104c0db06a23887235bb1b56f1f024c41ca9,0x271d8e39108990e89de0aef49275a194269b58c5,0x8d621b29f7829f0d0f64841df352ccf142108ab1,2000000000000000000
0xbe6fe4efda8c9f114892afec900e104c0db06a23887235bb1b56f1f024c41ca9,0x271d8e39108990e89de0aef49275a194269b58c5,0x45311aa9d24d310faea95863c06206273e54e5dc,2000000000000000000
0xbe6fe4efda8c9f114892afec900e104c0db06a23887235bb1b56f1f024c41ca9,0x271d8e39108990e89de0aef49275a194269b58c5,0x5e237cd7a23ba9733ae8f38f43ac2ad4194fdf4c,2000000000000000000
0xbe6fe4efda8c9f114892afec900e104c0db06a23887235bb1b56f1f024c41ca9,0x271d8e39108990e89de0aef49275a194269b58c5,0xe91d4956b7c31c96143c50464a04b558d4bddf27,2000000000000000000
0xbe6fe4efda8c9f114892afec900e104c0db06a23887235bb1b56f1f024c41ca9,0x271d8e39108990e89de0aef49275a194269b58c5,0x1902bcc891269855075a2f9301f34e4ea4b3e3b2,2000000000000000000
0xbe6fe4efda8c9f114892afec900e104c0db06a23887235bb1b56f1f024c41ca9,0x271d8e39108990e89de0aef49275a194269b58c5,0x6f00676c46fffa19af4ae68990be91225d5c7b52,2000000000000000000
0xbe6fe4efda8c9f114892afec900e104c0db06a23887235bb1b56f1f024c41ca9,0x271d8e39108990e89de0aef49275a194269b58c5,0x9369374267ea074411e1f4608fccf32b1749d95d,2000000000000000000
0xbe6fe4efda8c9f114892afec900e104c0db06a23887235bb1b56f1f024c41ca9,0x271d8e39108990e89de0aef49275a194269b58c5,0xb0a58fbd8e667b5c735bf07bd159f37f9b089d70,2000000000000000000
0xbe6fe4efda8c9f114892afec900e104c0db06a23887235bb1b56f1f024c41ca9,0x271d8e39108990e89de0aef49275a194269b58c5,0xf175f8816deebda2665b449e333e2b4b90376b33,2000000000000000000
0xbe6fe4efda8c9f114892afec900e104c0db06a23887235bb1b56f1f024c41ca9,0x271d8e39108990e89de0aef49275a194269b58c5,0xd08aad42de47ed0d45f4b0590c98d74a51d46eb0,2000000000000000000
0xbe6fe4efda8c9f114892afec900e104c0db06a23887235bb1b56f1f024c41ca9,0x271d8e39108990e89de0aef49275a194269b58c5,0x78f1cbb7adce0325653c1d6dda23e96d0cfb5eb3,2000000000000000000
0xbe6fe4efda8c9f114892afec900e104c0db06a23887235bb1b56f1f024c41ca9,0x271d8e39108990e89de0aef49275a194269b58c5,0xce0fceab0e657858546af1a99708087a178d81c2,2000000000000000000
0xbe6fe4efda8c9f114892afec900e104c0db06a23887235bb1b56f1f024c41ca9,0x271d8e39108990e89de0aef49275a194269b58c5,0x73123f5eb40aab6ba8ede16c64528812908965ca,2000000000000000000
0xbe6fe4efda8c9f114892afec900e104c0db06a23887235bb1b56f1f024c41ca9,0x271d8e39108990e89de0aef49275a194269b58c5,0xa03f84935bd9dbd38be58d9fa9317885395563f0,2000000000000000000
0xbe6fe4efda8c9f114892afec900e104c0db06a23887235bb1b56f1f024c41ca9,0x271d8e39108990e89de0aef49275a194269b58c5,0x11e8ac2024f72332629f21a0671faecf078f9981,2000000000000000000
0xbe6fe4efda8c9f114892afec900e104c0db06a23887235bb1b56f1f024c41ca9,0x271d8e39108990e89de0aef49275a194269b58c5,0xbdc9b229e10d2ba68be0014074feb1616a7eb12f,2000000000000000000
0xbe6fe4efda8c9f114892afec900e104c0db06a23887235bb1b56f1f024c41ca9,0x271d8e39108990e89de0aef49275a194269b58c5,0x0ead0c247a6f6ed91784b21c1e8cee89b3469366,2000000000000000000
0xbe6fe4efda8c9f114892afec900e104c0db06a23887235bb1b56f1f024c41ca9,0x271d8e39108990e89de0aef49275a194269b58c5,0x0a31f46c756866ea23b31b8709ff3243843dcb66,2000000000000000000
0xbe6fe4efda8c9f114892afec900e104c0db06a23887235bb1b56f1f024c41ca9,0x271d8e39108990e89de0aef49275a194269b58c5,0xbd129349ec13ad73c279047cf1ae66454373161b,2000000000000000000
0xbe6fe4efda8c9f114892afec900e104c0db06a23887235bb1b56f1f024c41ca9,0x271d8e39108990e89de0aef49275a194269b58c5,0x4050ac2508064c0559f12a89955568b22892be69,2000000000000000000
0xbe6fe4efda8c9f114892afec900e104c0db06a23887235bb1b56f1f024c41ca9,0x271d8e39108990e89de0aef49275a194269b58c5,0x27ba99be029a813fb49d47e5989f56589b49a3a4,2000000000000000000
0xbe6fe4efda8c9f114892afec900e104c0db06a23887235bb1b56f1f024c41ca9,0x271d8e39108990e89de0aef49275a194269b58c5,0xfccf4d4d295de5a008c0999a347444d4a087aa1a,2000000000000000000
0xbe6fe4efda8c9f114892afec900e104c0db06a23887235bb1b56f1f024c41ca9,0x271d8e39108990e89de0aef49275a194269b58c5,0x27ff1323531c5f7d01c24c4ba535fcca9217cf50,2000000000000000000
0xbe6fe4efda8c9f114892afec900e104c0db06a23887235bb1b56f1f024c41ca9,0x271d8e39108990e89de0aef49275a194269b58c5,0x99eb232f69aed0cb1149cdff4a16141d0f6345e7,2000000000000000000
0xbe6fe4efda8c9f114892afec900e104c0db06a23887235bb1b56f1f024c41ca9,0x271d8e39108990e89de0aef49275a194269b58c5,0x3e5fb0df946b5e428a6f1934cd627f0238cd7f8e,2000000000000000000
0xbe6fe4efda8c9f114892afec900e104c0db06a23887235bb1b56f1f024c41ca9,0x271d8e39108990e89de0aef49275a194269b58c5,0xf862192c8060eb70154feaf9cbec45f9e3d4255a,2000000000000000000
0xbe6fe4efda8c9f114892afec900e104c0db06a23887235bb1b56f1f024c41ca9,0x271d8e39108990e89de0aef49275a194269b58c5,0x85d4d5e582b22c4b30c24fd49175455ebd34e283,2000000000000000000
0xbe6fe4efda8c9f114892afec900e104c0db06a23887235bb1b56f1f024c41ca9,0x271d8e39108990e89de0aef49275a194269b58c5,0xec13737d4e6a9ad26172df4e7d1890c430db150e,2000000000000000000
0xbe6fe4efda8c9f114892afec900e104c0db06a23887235bb1b56f1f024c41ca9,0x271d8e39108990e89de0aef49275a194269b58c5,0xcee4f7ec63bbeaa366742389a7c587a3163d45c8,2000000000000000000
0xbe6fe4efda8c9f114892afec900e104c0db06a23887235bb1b56f1f024c41ca9,0x271d8e39108990e89de0aef49275a194269b58c5,0x6f69a118e4c79d8dee8287a70864f107948da0c3,2000000000000000000
0xbe6fe4efda8c9f114892afec900e104c0db06a23887235bb1b56f1f024c41ca9,0x271d8e39108990e89de0aef49275a194269b58c5,0xcfa9022b903e40bb1e35a6e50a821cbb08172d45,2000000000000000000
0xbe6fe4efda8c9f114892afec900e104c0db06a23887235bb1b56f1f024c41ca9,0x271d8e39108990e89de0aef49275a194269b58c5,0x26cdd75acd2346a88d3efe5385d01689ff2d5670,2000000000000000000
0xbe6fe4efda8c9f114892afec900e104c0db06a23887235bb1b56f1f024c41ca9,0x271d8e39108990e89de0aef49275a194269b58c5,0xa377094f8ecfae21d9ecb23de1662b491bfc9a9f,2000000000000000000
0xbe6fe4efda8c9f114892afec900e104c0db06a23887235bb1b56f1f024c41ca9,0x271d8e39108990e89de0aef49275a194269b58c5,0x7dea927e7708bbb449c16b8c9d1b0771262ea997,2000000000000000000
0xbe6fe4efda8c9f114892afec900e104c0db06a23887235bb1b56f1f024c41ca9,0x271d8e39108990e89de0aef49275a194269b58c5,0xa1bcd69b831fd130c4de549065fb68e2469fc6ff,2000000000000000000
0xbe6fe4efda8c9f114892afec900e104c0db06a23887235bb1b56f1f024c41ca9,0x271d8e39108990e89de0aef49275a194269b58c5,0x527ddeaba639e360c492c6cc4f9ebab8cb485ca7,2000000000000000000
0xbe6fe4efda8c9f114892afec900e104c0db06a23887235bb1b56f1f024c41ca9,0x271d8e39108990e89de0aef49275a194269b58c5,0x81b95e0a9c274881bf34a1dea0494011353882e7,2000000000000000000
0xbe6fe4efda8c9f114892afec900e104c0db06a23887235bb1b56f1f024c41ca9,0x271d8e39108990e89de0aef49275a194269b58c5,0x6199b015e4ac4b61aee761c9ad6327662425b3ed,2000000000000000000
0xbe6fe4efda8c9f114892afec900e104c0db06a23887235bb1b56f1f024c41ca9,0x271d8e39108990e89de0aef49275a194269b58c5,0xc89ebc3ab47abdfa150d6e880dd44d8250c5a904,2000000000000000000
0xbe6fe4efda8c9f114892afec900e104c0db06a23887235bb1b56f1f024c41ca9,0x271d8e39108990e89de0aef49275a194269b58c5,0xaec14ec7c4341ad6980534c9e91a7fbb9574d185,2000000000000000000
0xbe6fe4efda8c9f114892afec900e104c0db06a23887235bb1b56f1f024c41ca9,0x271d8e39108990e89de0aef49275a194269b58c5,0xdf3458afbcf1cc144dfa91dc534cf9d12ccbfd75,2000000000000000000
0xbe6fe4efda8c9f114892afec900e104c0db06a23887235bb1b56f1f024c41ca9,0x271d8e39108990e89de0aef49275a194269b58c5,0xd0246aa2e5ab6859876ec143fd766e7e64744e58,2000000000000000000
0xbe6fe4efda8c9f114892afec900e104c0db06a23887235bb1b56f1f024c41ca9,0x271d8e39108990e89de0aef49275a194269b58c5,0x866397d7c7d18cb2aaacd3e8dca83f72a3f4c7e2,2000000000000000000
0xbe6fe4efda8c9f114892afec900e104c0db06a23887235bb1b56f1f024c41ca9,0x271d8e39108990e89de0aef49275a194269b58c5,0x26311bba178b2bd74458a7f92a155ccd51574fc6,2000000000000000000
0xbe6fe4efda8c9f114892afec900e104c0db06a23887235bb1b56f1f024c41ca9,0x271d8e39108990e89de0aef49275a194269b58c5,0x45054fe2a75d6a87ebe9ba6a70f97b24aaa0aaf5,2000000000000000000
0xbe6fe4efda8c9f114892afec900e104c0db06a23887235bb1b56f1f024c41ca9,0x271d8e39108990e89de0aef49275a194269b58c5,0x6ca947fa429177b00dd588825a57368af4cb91ae,2000000000000000000
0xbe6fe4efda8c9f114892afec900e104c0db06a23887235bb1b56f1f024c41ca9,0x271d8e39108990e89de0aef49275a194269b58c5,0xa8b821c16d5ed98e63027f46db8be20af1d7d3ea,2000000000000000000
0xbe6fe4efda8c9f114892afec900e104c0db06a23887235bb1b56f1f024c41ca9,0x271d8e39108990e89de0aef49275a194269b58c5,0x5211842806ee6b7f30bdbe217fd9a64c897fec9c,2000000000000000000
0xbe6fe4efda8c9f114892afec900e104c0db06a23887235bb1b56f1f024c41ca9,0x271d8e39108990e89de0aef49275a194269b58c5,0x3adaa479ecbbfedeb17677abd0e91e0ec5ec6973,2000000000000000000
0xbe6fe4efda8c9f114892afec900e104c0db06a23887235bb1b56f1f024c41ca9,0x271d8e39108990e89de0aef49275a194269b58c5,0x4a1a1fb7581c20dacf921ff90ce95da1e3df9c30,2000000000000000000
0xbe6fe4efda8c9f114892afec900e104c0db06a23887235bb1b56f1f024c41ca9,0x271d8e39108990e89de0aef49275a194269b58c5,0xdf29f1119e97b35739bd70a6ac03d07c63db6f7f,2000000000000000000
0xbe6fe4efda8c9f114892afec900e104c0db06a23887235bb1b56f1f024c41ca9,0x271d8e39108990e89de0aef49275a194269b58c5,0x87fd91a5d150368619ab6635ec1a04624b601e5f,2000000000000000000
0xbe6fe4efda8c9f114892afec900e104c0db06a23887235bb1b56f1f024c41ca9,0x271d8e39108990e89de0aef49275a194269b58c5,0x8f28a166e24092c9dc20992ad95f01f090cc52d2,2000000000000000000
0xbe6fe4efda8c9f114892afec900e104c0db06a23887235bb1b56f1f024c41ca9,0x271d8e39108990e89de0aef49275a194269b58c5,0x2c7dcc2726170e81971d87c5e20d046051290a18,2000000000000000000
0xbe6fe4efda8c9f114892afec900e104c0db06a23887235bb1b56f1f024c41ca9,0x271d8e39108990e89de0aef49275a194269b58c5,0x847fc1159c3c34c872032495ad382507e356a807,2000000000000000000
0xbe6fe4efda8c9f114892afec900e104c0db06a23887235bb1b56f1f024c41ca9,0x271d8e39108990e89de0aef49275a194269b58c5,0x301b7d818444700dc55d78a3c0ae4d4757a47885,2000000000000000000
0xbe6fe4efda8c9f114892afec900e104c0db06a23887235bb1b56f1f024c41ca9,0x271d8e39108990e89de0aef49275a194269b58c5,0x470bbbaf23df721dc2dcbde360076dfca817002c,2000000000000000000
0xbe6fe4efda8c9f114892afec900e104c0db06a23887235bb1b56f1f024c41ca9,0x271d8e39108990e89de0aef49275a194269b58c5,0xfe1e462f6abdf41c6646f3886eaba44f5802194e,2000000000000000000
0xbe6fe4efda8c9f114892afec900e104c0db06a23887235bb1b56f1f024c41ca9,0x271d8e39108990e89de0aef49275a194269b58c5,0xf3dfa6fecefca394583060c92bd77f0a7fd348d4,2000000000000000000
0xbe6fe4efda8c9f114892afec900e104c0db06a23887235bb1b56f1f024c41ca9,0x271d8e39108990e89de0aef49275a194269b58c5,0x504435c55212ba509974f2054afe9509981075ae,2000000000000000000
0xbe6fe4efda8c9f114892afec900e104c0db06a23887235bb1b56f1f024c41ca9,0x271d8e39108990e89de0aef49275a194269b58c5,0xd5751b7a126273019044ae465eb3aa035900087a,2000000000000000000
0xbe6fe4efda8c9f114892afec900e104c0db06a23887235bb1b56f1f024c41ca9,0x271d8e39108990e89de0aef49275a194269b58c5,0xcbda9b625898fb0a3978230c549c3af1dc1be337,2000000000000000000
0xbe6fe4efda8c9f114892afec900e104c0db06a23887235bb1b56f1f024c41ca9,0x271d8e39108990e89de0aef49275a194269b58c5,0x8b155fd8e10ef4b7b9d8ccce742b1658759ec24a,2000000000000000000
0xbe6fe4efda8c9f114892afec900e104c0db06a23887235bb1b56f1f024c41ca9,0x271d8e39108990e89de0aef49275a194269b58c5,0x71c6894e687f6afff6e75f5746582f8439fdf828,2000000000000000000
0xbe6fe4efda8c9f114892afec900e104c0db06a23887235bb1b56f1f024c41ca9,0x271d8e39108990e89de0aef49275a194269b58c5,0x3f81f9a7c5a12dae8c701d56f19536f1ad55e20f,2000000000000000000
0xbe6fe4efda8c9f114892afec900e104c0db06a23887235bb1b56f1f024c41ca9,0x271d8e39108990e89de0aef49275a194269b58c5,0xb69ead820c04130df403d9f5c084b2e4260642c0,2000000000000000000
0xbe6fe4efda8c9f114892afec900e104c0db06a23887235bb1b56f1f024c41ca9,0x271d8e39108990e89de0aef49275a194269b58c5,0x6903297f634c4e7d3f667dd56a820832852e1542,2000000000000000000
0xbe6fe4efda8c9f114892afec900e104c0db06a23887235bb1b56f1f024c41ca9,0x271d8e39108990e89de0aef49275a194269b58c5,0x0440f6f90914e42411904fc565501e4be5fd9e10,2000000000000000000
0xbe6fe4efda8c9f114892afec900e104c0db06a23887235bb1b56f1f024c41ca9,0x271d8e39108990e89de0aef49275a194269b58c5,0xc2635f163fad9a5fe2e7afbb41ec4fbd7e039c90,2000000000000000000
0xbe6fe4efda8c9f114892afec900e104c0db06a23887235bb1b56f1f024c41ca9,0x271d8e39108990e89de0aef49275a194269b58c5,0xe358011c411c416e0bb48e9b04e62ccb9fa9c5fc,2000000000000000000
0xbe6fe4efda8c9f114892afec900e104c0db06a23887235bb1b56f1f024c41ca9,0x271d8e39108990e89de0aef49275a194269b58c5,0xe72b1519666103cfbee8a6938120f7402b53b854,2000000000000000000
0xbe6fe4efda8c9f114892afec900e104c0db06a23887235bb1b56f1f024c41ca9,0x271d8e39108990e89de0aef49275a194269b58c5,0xcbc1eab12b02753f0a8cda624734ee23261fbaac,2000000000000000000
0xbe6fe4efda8c9f114892afec900e104c0db06a23887235bb1b56f1f024c41ca9,0x271d8e39108990e89de0aef49275a194269b58c5,0x72361f108e36ff5a870fa5724cb56f195f84378e,2000000000000000000
0xbe6fe4efda8c9f114892afec900e104c0db06a23887235bb1b56f1f024c41ca9,0x271d8e39108990e89de0aef49275a194269b58c5,0x302be7f4ef7dd4ecc3d9d189c9c1b1365b1c1dda,2000000000000000000
0xbe6fe4efda8c9f114892afec900e104c0db06a23887235bb1b56f1f024c41ca9,0x271d8e39108990e89de0aef49275a194269b58c5,0x9ec16991658bbd34a6a23d75dc339e36a7ef218a,2000000000000000000
0xbe6fe4efda8c9f114892afec900e104c0db06a23887235bb1b56f1f024c41ca9,0x271d8e39108990e89de0aef49275a194269b58c5,0x398a4fea5c714a6bbfca60f7c341e7abe9d5678e,2000000000000000000
0xbe6fe4efda8c9f114892afec900e104c0db06a23887235bb1b56f1f024c41ca9,0x271d8e39108990e89de0aef49275a194269b58c5,0x1813ee193e8803a986b6ec866ec17772e39b5253,2000000000000000000
0xbe6fe4efda8c9f114892afec900e104c0db06a23887235bb1b56f1f024c41ca9,0x271d8e39108990e89de0aef49275a194269b58c5,0x874fd6092184f977511b0845c45de30d644482e8,2000000000000000000
0xbe6fe4efda8c9f114892afec900e104c0db06a23887235bb1b56f1f024c41ca9,0x271d8e39108990e89de0aef49275a194269b58c5,0xc8fa416a4311ceb4a8eafeab7291b2271e725cc9,2000000000000000000
0xbe6fe4efda8c9f114892afec900e104c0db06a23887235bb1b56f1f024c41ca9,0x271d8e39108990e89de0aef49275a194269b58c5,0x46f4daff845dd9bdcd23ca48a10b69d163aedf1b,2000000000000000000
0xbe6fe4efda8c9f114892afec900e104c0db06a23887235bb1b56f1f024c41ca9,0x271d8e39108990e89de0aef49275a194269b58c5,0xf8288e6e0c0e2f09286646b8c5be4e1e062e67a9,2000000000000000000
0xbe6fe4efda8c9f114892afec900e104c0db06a23887235bb1b56f1f024c41ca9,0x271d8e39108990e89de0aef49275a194269b58c5,0x3fed4835bc6985283df3ff0348cf399264225c0b,2000000000000000000
0xbe6fe4efda8c9f114892afec900e104c0db06a23887235bb1b56f1f024c41ca9,0x271d8e39108990e89de0aef49275a194269b58c5,0x5f663d3c8e8c68b14d43b170e32ff0c3eae0a2d5,2000000000000000000
0xbe6fe4efda8c9f114892afec900e104c0db06a23887235bb1b56f1f024c41ca9,0x271d8e39108990e89de0aef49275a194269b58c5,0xad4d5bf1f0f8015928140b836e98e68661612010,2000000000000000000
0xbe6fe4efda8c9f114892afec900e104c0db06a23887235bb1b56f1f024c41ca9,0x271d8e39108990e89de0aef49275a194269b58c5,0xba0d2a64b10f585ba27961c2453b385c0eb12745,2000000000000000000
0xbe6fe4efda8c9f114892afec900e104c0db06a23887235bb1b56f1f024c41ca9,0x271d8e39108990e89de0aef49275a194269b58c5,0xc0a15b8ab039a51e53a809d4fb6f81d8a864fd25,2000000000000000000
0xbe6fe4efda8c9f114892afec900e104c0db06a23887235bb1b56f1f024c41ca9,0x271d8e39108990e89de0aef49275a194269b58c5,0xa8248f1db0a6ef36da4d5ab1e62eb8463c533589,2000000000000000000
0xbe6fe4efda8c9f114892afec900e104c0db06a23887235bb1b56f1f024c41ca9,0x271d8e39108990e89de0aef49275a194269b58c5,0x9ff01bf619d2749ddf010550f0f6ed03b30b355f,2000000000000000000
0xbe6fe4efda8c9f114892afec900e104c0db06a23887235bb1b56f1f024c41ca9,0x271d8e39108990e89de0aef49275a194269b58c5,0x7195fe8d62c7a10828d3d577c96e916f21089c07,2000000000000000000
0xbe6fe4efda8c9f114892afec900e104c0db06a23887235bb1b56f1f024c41ca9,0x271d8e39108990e89de0aef49275a194269b58c5,0xc28e54591bf5b37e43a113687702ff5b7a0b9db8,2000000000000000000
0xbe6fe4efda8c9f114892afec900e104c0db06a23887235bb1b56f1f024c41ca9,0x271d8e39108990e89de0aef49275a194269b58c5,0x8f0a1ec98b51f19dc11d51b878aabcec7898b54f,2000000000000000000
0xbe6fe4efda8c9f114892afec900e104c0db06a23887235bb1b56f1f024c41ca9,0x271d8e39108990e89de0aef49275a194269b58c5,0x0c0ea802bd8fe4acd35900eb12214570dc499116,2000000000000000000
0xbe6fe4efda8c9f114892afec900e104c0db06a23887235bb1b56f1f024c41ca9,0x271d8e39108990e89de0aef49275a194269b58c5,0x75cef5cb09f8f3e88e3c7859e84f0568092f2c92,2000000000000000000
0xbe6fe4efda8c9f114892afec900e104c0db06a23887235bb1b56f1f024c41ca9,0x271d8e39108990e89de0aef49275a194269b58c5,0x1015d62a11c7aa63a1f9b756947b6f6fabbbe562,2000000000000000000
0xbe6fe4efda8c9f114892afec900e104c0db06a23887235bb1b56f1f024c41ca9,0x271d8e39108990e89de0aef49275a194269b58c5,0x7221992508e9c77f4be7ab2d53d3b50f7d23ab16,2000000000000000000
0xbe6fe4efda8c9f114892afec900e104c0db06a23887235bb1b56f1f024c41ca9,0x271d8e39108990e89de0aef49275a194269b58c5,0x62ccc34f857520542bfa5079f05d6a9e865dc714,2000000000000000000
0xbe6fe4efda8c9f114892afec900e104c0db06a23887235bb1b56f1f024c41ca9,0x271d8e39108990e89de0aef49275a194269b58c5,0xbcbb8c5e7aa9a860b18b4fe43997a1c566a7c83e,2000000000000000000
0xbe6fe4efda8c9f114892afec900e104c0db06a23887235bb1b56f1f024c41ca9,0x271d8e39108990e89de0aef49275a194269b58c5,0xc8d928cbfc7b6a6ce8fc6084929c02ae8ff2096d,2000000000000000000
0xbe6fe4efda8c9f114892afec900e104c0db06a23887235bb1b56f1f024c41ca9,0x271d8e39108990e89de0aef49275a194269b58c5,0xa1b61c5a9fcca91f49b32cdf61a13a0454594c5a,2000000000000000000
0xbe6fe4efda8c9f114892afec900e104c0db06a23887235bb1b56f1f024c41ca9,0x271d8e39108990e89de0aef49275a194269b58c5,0x4de2e441fc46244cc9a0827fc8b2ea446fa3fbf6,2000000000000000000
0xbe6fe4efda8c9f114892afec900e104c0db06a23887235bb1b56f1f024c41ca9,0x271d8e39108990e89de0aef49275a194269b58c5,0x28668c50ade50b605673610291e294206cea1c58,2000000000000000000
0xbe6fe4efda8c9f114892afec900e104c0db06a23887235bb1b56f1f024c41ca9,0x271d8e39108990e89de0aef49275a194269b58c5,0x1f42f190da6c483ccfc0c4034237f5e7a2820425,2000000000000000000
0xbe6fe4efda8c9f114892afec900e104c0db06a23887235bb1b56f1f024c41ca9,0x271d8e39108990e89de0aef49275a194269b58c5,0xe80db08a80b0220a032b7552b140f588b7a5c84b,2000000000000000000
0xbe6fe4efda8c9f114892afec900e104c0db06a23887235bb1b56f1f024c41ca9,0x271d8e39108990e89de0aef49275a194269b58c5,0xaa87f0166533aa46fa8fe8d4a84275095469ad84,2000000000000000000
0xbe6fe4efda8c9f114892afec900e104c0db06a23887235bb1b56f1f024c41ca9,0x271d8e39108990e89de0aef49275a194269b58c5,0xf8954665719ecafe0427b41632eff1956b8e2f39,2000000000000000000
0xbe6fe4efda8c9f114892afec900e104c0db06a23887235bb1b56f1f024c41ca9,0x271d8e39108990e89de0aef49275a194269b58c5,0x07f3e7b3596c262a033e272b40df46abff052e84,2000000000000000000
0xbe6fe4efda8c9f114892afec900e104c0db06a23887235bb1b56f1f024c41ca9,0x271d8e39108990e89de0aef49275a194269b58c5,0x86233d4a80332e41882765f188cd792a7505d5e5,2000000000000000000
0xbe6fe4efda8c9f114892afec900e104c0db06a23887235bb1b56f1f024c41ca9,0x271d8e39108990e89de0aef49275a194269b58c5,0xf299dbdccdeeecd285cd7599e88fbd7bda4f9b7c,2000000000000000000
0xbe6fe4efda8c9f114892afec900e104c0db06a23887235bb1b56f1f024c41ca9,0x271d8e39108990e89de0aef49275a194269b58c5,0xb7acdf76c49cd49ce75c16a035e38d6756fd12b6,2000000000000000000
0xbe6fe4efda8c9f114892afec900e104c0db06a23887235bb1b56f1f024c41ca9,0x271d8e39108990e89de0aef49275a194269b58c5,0x6165978d591217128054a17f1772bad7b74ba1b4,2000000000000000000
0xbe6fe4efda8c9f114892afec900e104c0db06a23887235bb1b56f1f024c41ca9,0x271d8e39108990e89de0aef49275a194269b58c5,0x521becb63ccab7fff88d2156de6e72fb0a981942,2000000000000000000
0xbe6fe4efda8c9f114892afec900e104c0db06a23887235bb1b56f1f024c41ca9,0x271d8e39108990e89de0aef49275a194269b58c5,0x5be60dc59d73e07e9d5bd4eb8859bb6dfbff5aa7,2000000000000000000
0xbe6fe4efda8c9f114892afec900e104c0db06a23887235bb1b56f1f024c41ca9,0x271d8e39108990e89de0aef49275a194269b58c5,0x0d5fcbc16f851b54ea9bdd004a7816ce2d22c00f,2000000000000000000
0xbe6fe4efda8c9f114892afec900e104c0db06a23887235bb1b56f1f024c41ca9,0x271d8e39108990e89de0aef49275a194269b58c5,0x1d93a7bf38f20322a46e78ffddfe2520c1b8d6df,2000000000000000000
0xbe6fe4efda8c9f114892afec900e104c0db06a23887235bb1b56f1f024c41ca9,0x271d8e39108990e89de0aef49275a194269b58c5,0xea4fbb0ea416db918ae449f04c06c7b3cb2fb7fa,2000000000000000000
0xbe6fe4efda8c9f114892afec900e104c0db06a23887235bb1b56f1f024c41ca9,0x271d8e39108990e89de0aef49275a194269b58c5,0x1478c0a21f4ef6816881977fe3d99d53395191d4,2000000000000000000
0xbe6fe4efda8c9f114892afec900e104c0db06a23887235bb1b56f1f024c41ca9,0x271d8e39108990e89de0aef49275a194269b58c5,0x29d969de93117243f596635571ba313dfdc70686,2000000000000000000
0xbe6fe4efda8c9f114892afec900e104c0db06a23887235bb1b56f1f024c41ca9,0x271d8e39108990e89de0aef49275a194269b58c5,0x922ab1ad4c8c1f14a899bcc1a00106b481cf3444,2000000000000000000
0xbe6fe4efda8c9f114892afec900e104c0db06a23887235bb1b56f1f024c41ca9,0x271d8e39108990e89de0aef49275a194269b58c5,0x984d7008a7a3188bb719da4c0505d92173b0d7d2,2000000000000000000
0xbe6fe4efda8c9f114892afec900e104c0db06a23887235bb1b56f1f024c41ca9,0x271d8e39108990e89de0aef49275a194269b58c5,0xb00018896cbe125bd897352469ebd22d02b598a8,2000000000000000000
0xbe6fe4efda8c9f114892afec900e104c0db06a23887235bb1b56f1f024c41ca9,0x271d8e39108990e89de0aef49275a194269b58c5,0x0d9eb6825b598b14b67615fdd3dc905dfebede75,2000000000000000000
0xbe6fe4efda8c9f114892afec900e104c0db06a23887235bb1b56f1f024c41ca9,0x271d8e39108990e89de0aef49275a194269b58c5,0x3d52caf7ecccda69a84835a5ca450289c7882577,2000000000000000000
0xbe6fe4efda8c9f114892afec900e104c0db06a23887235bb1b56f1f024c41ca9,0x271d8e39108990e89de0aef49275a194269b58c5,0x1a11a63f4defc91722ba974a8d4a58206c14b3ed,2000000000000000000
0xbe6fe4efda8c9f114892afec900e104c0db06a23887235bb1b56f1f024c41ca9,0x271d8e39108990e89de0aef49275a194269b58c5,0x43757171d75693c91ce3ce017f835a4971329ac8,2000000000000000000
0xbe6fe4efda8c9f114892afec900e104c0db06a23887235bb1b56f1f024c41ca9,0x271d8e39108990e89de0aef49275a194269b58c5,0x2a1a7a6d732e4af986365cda7f6c7a9ef5f28492,2000000000000000000
0xbe6fe4efda8c9f114892afec900e104c0db06a23887235bb1b56f1f024c41ca9,0x271d8e39108990e89de0aef49275a194269b58c5,0xe0351fc76798dbe36b6ef8b43bb6a687bb54f551,2000000000000000000
0xbe6fe4efda8c9f114892afec900e104c0db06a23887235bb1b56f1f024c41ca9,0x271d8e39108990e89de0aef49275a194269b58c5,0x5e3991645c8fa59fdd88cf870e896df504af3ccf,2000000000000000000
0xbe6fe4efda8c9f114892afec900e104c0db06a23887235bb1b56f1f024c41ca9,0x271d8e39108990e89de0aef49275a194269b58c5,0x4f06a3237357adc3d53f71a25c3dce1f3131e903,2000000000000000000
0xbe6fe4efda8c9f114892afec900e104c0db06a23887235bb1b56f1f024c41ca9,0x271d8e39108990e89de0aef49275a194269b58c5,0x377544f66c50f4e763700a4c994ada227e67013d,2000000000000000000
0xbe6fe4efda8c9f114892afec900e104c0db06a23887235bb1b56f1f024c41ca9,0x271d8e39108990e89de0aef49275a194269b58c5,0xc26dcd3de3692a7b08b75937c9142f77e945b769,2000000000000000000
0xbe6fe4efda8c9f114892afec900e104c0db06a23887235bb1b56f1f024c41ca9,0x271d8e39108990e89de0aef49275a194269b58c5,0x54d1e2902ae7f18d1b03745312fa73ca6cb304c2,2000000000000000000
0xbe6fe4efda8c9f114892afec900e104c0db06a23887235bb1b56f1f024c41ca9,0x271d8e39108990e89de0aef49275a194269b58c5,0x505b706605e12f0f86030f42c3efb716286b291c,2000000000000000000
0xbe6fe4efda8c9f114892afec900e104c0db06a23887235bb1b56f1f024c41ca9,0x271d8e39108990e89de0aef49275a194269b58c5,0x2f4c95d2b569701154cb4e44a2f9fc53a4f633fb,2000000000000000000
0xbe6fe4efda8c9f114892afec900e104c0db06a23887235bb1b56f1f024c41ca9,0x271d8e39108990e89de0aef49275a194269b58c5,0x1b2c93bf036664465d289cb4982d8c821bbf6e04,2000000000000000000
0xbe6fe4efda8c9f114892afec900e104c0db06a23887235bb1b56f1f024c41ca9,0x271d8e39108990e89de0aef49275a194269b58c5,0x264a2a83424d96add1729a5da74678d0a152c25a,2000000000000000000
0xbe6fe4efda8c9f114892afec900e104c0db06a23887235bb1b56f1f024c41ca9,0x271d8e39108990e89de0aef49275a194269b58c5,0x2225deb9d7db88b355aff4b7c86d434f2aaa018a,2000000000000000000
0xbe6fe4efda8c9f114892afec900e104c0db06a23887235bb1b56f1f024c41ca9,0x271d8e39108990e89de0aef49275a194269b58c5,0x166302e392d83f2855a853811f52d654e98b704b,2000000000000000000
0xbe6fe4efda8c9f114892afec900e104c0db06a23887235bb1b56f1f024c41ca9,0x271d8e39108990e89de0aef49275a194269b58c5,0x3c986cb7eb31ac618b4e2716f34873380d60eadd,2000000000000000000
0xbe6fe4efda8c9f114892afec900e104c0db06a23887235bb1b56f1f024c41ca9,0x271d8e39108990e89de0aef49275a194269b58c5,0x0aacafc2e896b1b115331887314094cb72fa975c,2000000000000000000
0xbe6fe4efda8c9f114892afec900e104c0db06a23887235bb1b56f1f024c41ca9,0x271d8e39108990e89de0aef49275a194269b58c5,0xb7a4b6c6a781510565ca273277220b828ea31138,2000000000000000000
0xbe6fe4efda8c9f114892afec900e104c0db06a23887235bb1b56f1f024c41ca9,0x271d8e39108990e89de0aef49275a194269b58c5,0x647ccb9463adde1d6c5a5f6a0bf7dc027607a4c6,2000000000000000000
0xbe6fe4efda8c9f114892afec900e104c0db06a23887235bb1b56f1f024c41ca9,0x271d8e39108990e89de0aef49275a194269b58c5,0x0871e7359c40a1f0f668c53e39ed37200445cad0,2000000000000000000
0xbe6fe4efda8c9f114892afec900e104c0db06a23887235bb1b56f1f024c41ca9,0x271d8e39108990e89de0aef49275a194269b58c5,0xa6aaea54af2c910b275b77b471c6561ead19698a,2000000000000000000
0xbe6fe4efda8c9f114892afec900e104c0db06a23887235bb1b56f1f024c41ca9,0x271d8e39108990e89de0aef49275a194269b58c5,0xc98cc8021721df52fab814f25d9fb54cf66bc6f5,2000000000000000000
0xbe6fe4efda8c9f114892afec900e104c0db06a23887235bb1b56f1f024c41ca9,0x271d8e39108990e89de0aef49275a194269b58c5,0xcc6c0d588f5d48ef1c17e29cbd135e63c783601f,2000000000000000000
0xbe6fe4efda8c9f114892afec900e104c0db06a23887235bb1b56f1f024c41ca9,0x271d8e39108990e89de0aef49275a194269b58c5,0x1a164e1721e6b5d31db7c55ad09fdd45daff921c,2000000000000000000
0xbe6fe4efda8c9f114892afec900e104c0db06a23887235bb1b56f1f024c41ca9,0x271d8e39108990e89de0aef49275a194269b58c5,0xa3829f7bc4af1667711440264c6e33ce1d12af6a,2000000000000000000
0xbe6fe4efda8c9f114892afec900e104c0db06a23887235bb1b56f1f024c41ca9,0x271d8e39108990e89de0aef49275a194269b58c5,0xc42fc1078351bc9c82a49fa15c588903f3c3c62c,2000000000000000000
0xbe6fe4efda8c9f114892afec900e104c0db06a23887235bb1b56f1f024c41ca9,0x271d8e39108990e89de0aef49275a194269b58c5,0xb44d1ca7c5163b0d958b461ee0455a7d31b0f6fb,2000000000000000000
0xbe6fe4efda8c9f114892afec900e104c0db06a23887235bb1b56f1f024c41ca9,0x271d8e39108990e89de0aef49275a194269b58c5,0xbf00ff91201b76eb8359cd8938ba9276f8854fa8,2000000000000000000
0xbe6fe4efda8c9f114892afec900e104c0db06a23887235bb1b56f1f024c41ca9,0x271d8e39108990e89de0aef49275a194269b58c5,0x99a18297264b8531ef9e315e42fc899183683ac5,2000000000000000000
0xbe6fe4efda8c9f114892afec900e104c0db06a23887235bb1b56f1f024c41ca9,0x271d8e39108990e89de0aef49275a194269b58c5,0x54035c71c89f6f524f0af27c22e8d4c5519960f8,2000000000000000000
0xbe6fe4efda8c9f114892afec900e104c0db06a23887235bb1b56f1f024c41ca9,0x271d8e39108990e89de0aef49275a194269b58c5,0xa61e4447b2e83b81bb62f692f68bcf59341e8c09,2000000000000000000
0xbe6fe4efda8c9f114892afec900e104c0db06a23887235bb1b56f1f024c41ca9,0x271d8e39108990e89de0aef49275a194269b58c5,0xbbc2626087102f9c08ebcb7a48c12a7c55fe5c03,2000000000000000000
0xbe6fe4efda8c9f114892afec900e104c0db06a23887235bb1b56f1f024c41ca9,0x271d8e39108990e89de0aef49275a194269b58c5,0x9032c6f5783c1c7c18943b7d1c1911454d6e7792,2000000000000000000
0xbe6fe4efda8c9f114892afec900e104c0db06a23887235bb1b56f1f024c41ca9,0x271d8e39108990e89de0aef49275a194269b58c5,0xb48fc1a4566ea1c156f96fd64b31d2f0883f0050,2000000000000000000
0xbe6fe4efda8c9f114892afec900e104c0db06a23887235bb1b56f1f024c41ca9,0x271d8e39108990e89de0aef49275a194269b58c5,0x1cccd524da7f4891d5bc255a24e4714a9e53f51b,2000000000000000000
0xbe6fe4efda8c9f114892afec900e104c0db06a23887235bb1b56f1f024c41ca9,0x271d8e39108990e89de0aef49275a194269b58c5,0xd95e14e885ea8cada694ba397ae5bab29a40fa84,2000000000000000000
0xbe6fe4efda8c9f114892afec900e104c0db06a23887235bb1b56f1f024c41ca9,0x271d8e39108990e89de0aef49275a194269b58c5,0x1f73e8ca1168105c98d6a6283bca62688eaff725,2000000000000000000
0xbe6fe4efda8c9f114892afec900e104c0db06a23887235bb1b56f1f024c41ca9,0x271d8e39108990e89de0aef49275a194269b58c5,0x702eb7001de8d6e0b2eba0a0d75afa4f454ed29e,2000000000000000000
0xbe6fe4efda8c9f114892afec900e104c0db06a23887235bb1b56f1f024c41ca9,0x271d8e39108990e89de0aef49275a194269b58c5,0xc23b63372851c897d57a3ee3536ee07bbcb18930,2000000000000000000
0xbe6fe4efda8c9f114892afec900e104c0db06a23887235bb1b56f1f024c41ca9,0x271d8e39108990e89de0aef49275a194269b58c5,0x42453f2b3cda371878708ee2cf22ca8cc9326aec,2000000000000000000
0xbe6fe4efda8c9f114892afec900e104c0db06a23887235bb1b56f1f024c41ca9,0x271d8e39108990e89de0aef49275a194269b58c5,0xa726d924adec90a2e04d7678d26a7125e7910aea,2000000000000000000
0xbe6fe4efda8c9f114892afec900e104c0db06a23887235bb1b56f1f024c41ca9,0x271d8e39108990e89de0aef49275a194269b58c5,0x4de5f80b91a12893181d566baf194bcd6883732c,2000000000000000000
0xbe6fe4efda8c9f114892afec900e104c0db06a23887235bb1b56f1f024c41ca9,0x271d8e39108990e89de0aef49275a194269b58c5,0xb3cdc22e8dddb57d6c51fb44d1ab39ea58a2c9de,2000000000000000000
0xbe6fe4efda8c9f114892afec900e104c0db06a23887235bb1b56f1f024c41ca9,0x271d8e39108990e89de0aef49275a194269b58c5,0x83d6850e0e9753da091ff436c3723e99b4484252,2000000000000000000
0xbe6fe4efda8c9f114892afec900e104c0db06a23887235bb1b56f1f024c41ca9,0x271d8e39108990e89de0aef49275a194269b58c5,0x300561fbbbdb480b49932999b5affbabde041541,2000000000000000000
0xbe6fe4efda8c9f114892afec900e104c0db06a23887235bb1b56f1f024c41ca9,0x271d8e39108990e89de0aef49275a194269b58c5,0x548a6d6ce5eb7ee48f80d3e4e19e0e33b7121ad3,2000000000000000000
0xbe6fe4efda8c9f114892afec900e104c0db06a23887235bb1b56f1f024c41ca9,0x271d8e39108990e89de0aef49275a194269b58c5,0x7695763b5888a4f76a28d5873bdf3b44e544f862,2000000000000000000
0xbe6fe4efda8c9f114892afec900e104c0db06a23887235bb1b56f1f024c41ca9,0x271d8e39108990e89de0aef49275a194269b58c5,0x33ff96797344b03960de1fa7932c241a7c84c5ca,2000000000000000000
0xbe6fe4efda8c9f114892afec900e104c0db06a23887235bb1b56f1f024c41ca9,0x271d8e39108990e89de0aef49275a194269b58c5,0xe2d7282d38f21c9a156fc006a1400bb6b808b518,2000000000000000000
0xbe6fe4efda8c9f114892afec900e104c0db06a23887235bb1b56f1f024c41ca9,0x271d8e39108990e89de0aef49275a194269b58c5,0x68c705f30ba5b3ff49b0f95fbcc951a7a2af80e6,2000000000000000000
0xbe6fe4efda8c9f114892afec900e104c0db06a23887235bb1b56f1f024c41ca9,0x271d8e39108990e89de0aef49275a194269b58c5,0x9c1034a8542c661801af5174c3dd7e1249ab5338,2000000000000000000
0xbe6fe4efda8c9f114892afec900e104c0db06a23887235bb1b56f1f024c41ca9,0x271d8e39108990e89de0aef49275a194269b58c5,0xdb680b135e76ef68cf7f9166a4879187d3826a63,2000000000000000000
0xbe6fe4efda8c9f114892afec900e104c0db06a23887235bb1b56f1f024c41ca9,0x271d8e39108990e89de0aef49275a194269b58c5,0xab450f5f3472f8811fb9b2d3c144d10db11d332c,2000000000000000000
0xbe6fe4efda8c9f114892afec900e104c0db06a23887235bb1b56f1f024c41ca9,0x271d8e39108990e89de0aef49275a194269b58c5,0xbf1e19c6fe0b6e22d368a2b7cc405079853191a3,2000000000000000000
0xbe6fe4efda8c9f114892afec900e104c0db06a23887235bb1b56f1f024c41ca9,0x271d8e39108990e89de0aef49275a194269b58c5,0x728b088aa7c20b8d28a4832bfeb857572bf1f070,2000000000000000000
0xbe6fe4efda8c9f114892afec900e104c0db06a23887235bb1b56f1f024c41ca9,0x271d8e39108990e89de0aef49275a194269b58c5,0x0a2a3a957af54b86231e1dd5c5b72f04524ad63f,2000000000000000000
0xbe6fe4efda8c9f114892afec900e104c0db06a23887235bb1b56f1f024c41ca9,0x271d8e39108990e89de0aef49275a194269b58c5,0x3aa9a5f1de6a63572a6a8b24563741d62f32e5e6,2000000000000000000
0xbe6fe4efda8c9f114892afec900e104c0db06a23887235bb1b56f1f024c41ca9,0x271d8e39108990e89de0aef49275a194269b58c5,0x3e3fd9030f7a17ea9f2a2ee7cc63367a0c99ed88,2000000000000000000
0xbe6fe4efda8c9f114892afec900e104c0db06a23887235bb1b56f1f024c41ca9,0x271d8e39108990e89de0aef49275a194269b58c5,0x7ee13b73b5bca9e5db40f3936ff9ddfedc0e707d,2000000000000000000
0xbe6fe4efda8c9f114892afec900e104c0db06a23887235bb1b56f1f024c41ca9,0x271d8e39108990e89de0aef49275a194269b58c5,0xbde750e037369fadf4f5acd419bc60ecf2f46e9f,2000000000000000000
0xbe6fe4efda8c9f114892afec900e104c0db06a23887235bb1b56f1f024c41ca9,0x271d8e39108990e89de0aef49275a194269b58c5,0xe9b71ec13f1d2dffd0363dab858696e31e105a51,2000000000000000000
0xbe6fe4efda8c9f114892afec900e104c0db06a23887235bb1b56f1f024c41ca9,0x271d8e39108990e89de0aef49275a194269b58c5,0x3d1edd62afd07de7fbe8b8d3ae26054420894bf7,2000000000000000000
0xbe6fe4efda8c9f114892afec900e104c0db06a23887235bb1b56f1f024c41ca9,0x271d8e39108990e89de0aef49275a194269b58c5,0x7d9ecfd270f8e8296ac4e7c2cf5ba8e59b71999e,2000000000000000000
0xbe6fe4efda8c9f114892afec900e104c0db06a23887235bb1b56f1f024c41ca9,0x271d8e39108990e89de0aef49275a194269b58c5,0xdbee0be1e82ff435d8d3fc5a7450d5efe8f82643,2000000000000000000
0xbe6fe4efda8c9f114892afec900e104c0db06a23887235bb1b56f1f024c41ca9,0x271d8e39108990e89de0aef49275a194269b58c5,0x90a663ea1ce173cc0697d2a8f2e2003274327aa6,2000000000000000000
0xbe6fe4efda8c9f114892afec900e104c0db06a23887235bb1b56f1f024c41ca9,0x271d8e39108990e89de0aef49275a194269b58c5,0x9684ea8721c4d1420437a550db54086a499cd2da,2000000000000000000
0xbe6fe4efda8c9f114892afec900e104c0db06a23887235bb1b56f1f024c41ca9,0x271d8e39108990e89de0aef49275a194269b58c5,0x46ec7764676a70785549a2419481949f0f13a633,2000000000000000000
0xbe6fe4efda8c9f114892afec900e104c0db06a23887235bb1b56f1f024c41ca9,0x271d8e39108990e89de0aef49275a194269b58c5,0x0d3a88e0d4c9926617456b5eefaea1e382ab3634,2000000000000000000
0xbe6fe4efda8c9f114892afec900e104c0db06a23887235bb1b56f1f024c41ca9,0x271d8e39108990e89de0aef49275a194269b58c5,0x2fe54a33f76c57ba313cf282bf52f45bf9d85936,2000000000000000000
0xbe6fe4efda8c9f114892afec900e104c0db06a23887235bb1b56f1f024c41ca9,0x271d8e39108990e89de0aef49275a194269b58c5,0x79ed3eec2db68faf426fcf9c59e8215b2adb2ec1,2000000000000000000
0xbe6fe4efda8c9f114892afec900e104c0db06a23887235bb1b56f1f024c41ca9,0x271d8e39108990e89de0aef49275a194269b58c5,0x6d8cf51c005e017497d0bbe1c89fd6e30f9d1e44,2000000000000000000
0xbe6fe4efda8c9f114892afec900e104c0db06a23887235bb1b56f1f024c41ca9,0x271d8e39108990e89de0aef49275a194269b58c5,0xf0160d62e755ec634da5f526706fa74ccfd59dae,2000000000000000000
0xbe6fe4efda8c9f114892afec900e104c0db06a23887235bb1b56f1f024c41ca9,0x271d8e39108990e89de0aef49275a194269b58c5,0x3aebf907d75577dd975673d60e2c6b436f7f5595,2000000000000000000
0xbe6fe4efda8c9f114892afec900e104c0db06a23887235bb1b56f1f024c41ca9,0x271d8e39108990e89de0aef49275a194269b58c5,0x7dd9f141c8aac4360d649eef73e09e1fd4283f9b,2000000000000000000
0xbe6fe4efda8c9f114892afec900e104c0db06a23887235bb1b56f1f024c41ca9,0x271d8e39108990e89de0aef49275a194269b58c5,0xd0e492f7f3619c2938b8302e115e633fd3dc3e3a,2000000000000000000
0xbe6fe4efda8c9f114892afec900e104c0db06a23887235bb1b56f1f024c41ca9,0x271d8e39108990e89de0aef49275a194269b58c5,0xb617d3d43cba4b61fc0c7b07a56ed802a0c44821,2000000000000000000
0x51f6723f0312be06132ca0f74714d32ad18f3c53ef1359169f41eaabebf25601,0x06dd30d9c825be86b4ffb5f7d9d21d291ebce0f8,0xf210d74f01983f741e13990a034d8092e26aae4e,2900000000000000000
0x51f6723f0312be06132ca0f74714d32ad18f3c53ef1359169f41eaabebf25601,0x06dd30d9c825be86b4ffb5f7d9d21d291ebce0f8,0x3549d4a56d5e468e28dbea6f7a613b8a5c3e8673,2900000000000000000
0x51f6723f0312be06132ca0f74714d32ad18f3c53ef1359169f41eaabebf25601,0x06dd30d9c825be86b4ffb5f7d9d21d291ebce0f8,0x029f5c39a5a3f20fcb102ca75967cbd4b367765b,2900000000000000000
0x51f6723f0312be06132ca0f74714d32ad18f3c53ef1359169f41eaabebf25601,0x06dd30d9c825be86b4ffb5f7d9d21d291ebce0f8,0xafdb7474ba661bd930c6c465330c5fff524b8df6,2900000000000000000
0x51f6723f0312be06132ca0f74714d32ad18f3c53ef1359169f41eaabebf25601,0x06dd30d9c825be86b4ffb5f7d9d21d291ebce0f8,0x7a6f72d2d687bb6c1aa9c3efd627b6d22fee49f2,2900000000000000000
0x51f6723f0312be06132ca0f74714d32ad18f3c53ef1359169f41eaabebf25601,0x06dd30d9c825be86b4ffb5f7d9d21d291ebce0f8,0x6947580d11711573fe3b69c15c70032e86a59f31,2900000000000000000
0x51f6723f0312be06132ca0f74714d32ad18f3c53ef1359169f41eaabebf25601,0x06dd30d9c825be86b4ffb5f7d9d21d291ebce0f8,0xec34a7657eac149214ffdba89662e33f23bf81ae,2900000000000000000
0x51f6723f0312be06132ca0f74714d32ad18f3c53ef1359169f41eaabebf25601,0x06dd30d9c825be86b4ffb5f7d9d21d291ebce0f8,0xaaaa528423fb37f2aecea7114ef73dda129e4707,2900000000000000000
0x51f6723f0312be06132ca0f74714d32ad18f3c53ef1359169f41eaabebf25601,0x06dd30d9c825be86b4ffb5f7d9d21d291ebce0f8,0x34c40d28fb7b85baee4062432e02b7d8b6672b2f,2900000000000000000
0x51f6723f0312be06132ca0f74714d32ad18f3c53ef1359169f41eaabebf25601,0x06dd30d9c825be86b4ffb5f7d9d21d291ebce0f8,0xff28d19ab8c15f8bb290315d00b9553c9b257b43,2900000000000000000
0x51f6723f0312be06132ca0f74714d32ad18f3c53ef1359169f41eaabebf25601,0x06dd30d9c825be86b4ffb5f7d9d21d291ebce0f8,0x20fc25d648391f4620f22a46e191051c8f77fbf5,2900000000000000000
0x51f6723f0312be06132ca0f74714d32ad18f3c53ef1359169f41eaabebf25601,0x06dd30d9c825be86b4ffb5f7d9d21d291ebce0f8,0xb931a507ed8fa742791426870d3e3f48b6328c5f,2900000000000000000
0x51f6723f0312be06132ca0f74714d32ad18f3c53ef1359169f41eaabebf25601,0x06dd30d9c825be86b4ffb5f7d9d21d291ebce0f8,0xacb3d920eba78f389c46e5f2b52992ae4a5504c1,2900000000000000000
0x51f6723f0312be06132ca0f74714d32ad18f3c53ef1359169f41eaabebf25601,0x06dd30d9c825be86b4ffb5f7d9d21d291ebce0f8,0x1eb0d8ac0451385af28534e5457a48406fa8ce3f,2900000000000000000
0x51f6723f0312be06132ca0f74714d32ad18f3c53ef1359169f41eaabebf25601,0x06dd30d9c825be86b4ffb5f7d9d21d291ebce0f8,0x091c90b907cb86c5f98aadd8158e239c94d6a2eb,2900000000000000000
0x51f6723f0312be06132ca0f74714d32ad18f3c53ef1359169f41eaabebf25601,0x06dd30d9c825be86b4ffb5f7d9d21d291ebce0f8,0x932da771acbeb86c9b017eaeadd287f394b6cf7b,2900000000000000000
0x51f6723f0312be06132ca0f74714d32ad18f3c53ef1359169f41eaabebf25601,0x06dd30d9c825be86b4ffb5f7d9d21d291ebce0f8,0x66e73936f6a709076072b4c46e34f603f428d694,2900000000000000000
0x51f6723f0312be06132ca0f74714d32ad18f3c53ef1359169f41eaabebf25601,0x06dd30d9c825be86b4ffb5f7d9d21d291ebce0f8,0x2ad908a86d333b56fbbe3e0d6efbba8dbc3b3980,2900000000000000000
0x51f6723f0312be06132ca0f74714d32ad18f3c53ef1359169f41eaabebf25601,0x06dd30d9c825be86b4ffb5f7d9d21d291ebce0f8,0xc69dcf73332f410bee5d90260658e994ae3e9daf,2900000000000000000
0x51f6723f0312be06132ca0f74714d32ad18f3c53ef1359169f41eaabebf25601,0x06dd30d9c825be86b4ffb5f7d9d21d291ebce0f8,0xbcb96f29111b8c1d0006c4dd4fa58d9d3117510f,2900000000000000000
0x51f6723f0312be06132ca0f74714d32ad18f3c53ef1359169f41eaabebf25601,0x06dd30d9c825be86b4ffb5f7d9d21d291ebce0f8,0xd197677d37cb5cfc62ec81f52cdb0788cf5c486e,2900000000000000000
0x51f6723f0312be06132ca0f74714d32ad18f3c53ef1359169f41eaabebf25601,0x06dd30d9c825be86b4ffb5f7d9d21d291ebce0f8,0xac170f5e10bcb57b1aa4c0fced2aac75c0b3d3c8,2900000000000000000
0x51f6723f0312be06132ca0f74714d32ad18f3c53ef1359169f41eaabebf25601,0x06dd30d9c825be86b4ffb5f7d9d21d291ebce0f8,0xb406cac2d1f0054f312ff97442fc94214e6bd723,2900000000000000000
0x51f6723f0312be06132ca0f74714d32ad18f3c53ef1359169f41eaabebf25601,0x06dd30d9c825be86b4ffb5f7d9d21d291ebce0f8,0xdf135c8a0c4290e827ff36278fbb4e241ee91967,2900000000000000000
0x51f6723f0312be06132ca0f74714d32ad18f3c53ef1359169f41eaabebf25601,0x06dd30d9c825be86b4ffb5f7d9d21d291ebce0f8,0x89dba62742601f514c2293caf08cf1091a00cd2f,2900000000000000000
0x51f6723f0312be06132ca0f74714d32ad18f3c53ef1359169f41eaabebf25601,0x06dd30d9c825be86b4ffb5f7d9d21d291ebce0f8,0xfb4d4823c6882421c754e5540abcb70e3613ec6c,2900000000000000000
0x51f6723f0312be06132ca0f74714d32ad18f3c53ef1359169f41eaabebf25601,0x06dd30d9c825be86b4ffb5f7d9d21d291ebce0f8,0xb759686d82f3aa077219fbfcc757b581b5d093b5,2900000000000000000
0x51f6723f0312be06132ca0f74714d32ad18f3c53ef1359169f41eaabebf25601,0x06dd30d9c825be86b4ffb5f7d9d21d291ebce0f8,0x6572d2932bfba2784815be552ced78873e07d5ac,2900000000000000000
0x51f6723f0312be06132ca0f74714d32ad18f3c53ef1359169f41eaabebf25601,0x06dd30d9c825be86b4ffb5f7d9d21d291ebce0f8,0x762272d2328f45fee39d5cb936358df3a8c3b2e5,2900000000000000000
0x51f6723f0312be06132ca0f74714d32ad18f3c53ef1359169f41eaabebf25601,0x06dd30d9c825be86b4ffb5f7d9d21d291ebce0f8,0xe8b610284d5c22daa32730451beaed885728d9aa,2900000000000000000
0x51f6723f0312be06132ca0f74714d32ad18f3c53ef1359169f41eaabebf25601,0x06dd30d9c825be86b4ffb5f7d9d21d291ebce0f8,0x5297cec3dbd0732a22732e2d808de41826343a3e,2900000000000000000
0x51f6723f0312be06132ca0f74714d32ad18f3c53ef1359169f41eaabebf25601,0x06dd30d9c825be86b4ffb5f7d9d21d291ebce0f8,0xfb89a8e5a460d0778cf55a47db44928393f5864c,2900000000000000000
0x51f6723f0312be06132ca0f74714d32ad18f3c53ef1359169f41eaabebf25601,0x06dd30d9c825be86b4ffb5f7d9d21d291ebce0f8,0xea561c6132f28409ebce45e36dbdf4058a022900,2900000000000000000
0x51f6723f0312be06132ca0f74714d32ad18f3c53ef1359169f41eaabebf25601,0x06dd30d9c825be86b4ffb5f7d9d21d291ebce0f8,0x3378284ff119b9651910a829315ba432b93f4f68,2900000000000000000
0x51f6723f0312be06132ca0f74714d32ad18f3c53ef1359169f41eaabebf25601,0x06dd30d9c825be86b4ffb5f7d9d21d291ebce0f8,0x90bde752e15651f5137c401606827afbba479927,2900000000000000000
0x51f6723f0312be06132ca0f74714d32ad18f3c53ef1359169f41eaabebf25601,0x06dd30d9c825be86b4ffb5f7d9d21d291ebce0f8,0x1ae52270de3f0437fdc405a2c8e19533a68aed6f,2900000000000000000
0x51f6723f0312be06132ca0f74714d32ad18f3c53ef1359169f41eaabebf25601,0x06dd30d9c825be86b4ffb5f7d9d21d291ebce0f8,0x59413002d4a49e74d091d0e88add5d1505259a27,2900000000000000000
0x51f6723f0312be06132ca0f74714d32ad18f3c53ef1359169f41eaabebf25601,0x06dd30d9c825be86b4ffb5f7d9d21d291ebce0f8,0x7f935da0f2bf6d033653714454859d67e643ca61,2900000000000000000
0x51f6723f0312be06132ca0f74714d32ad18f3c53ef1359169f41eaabebf25601,0x06dd30d9c825be86b4ffb5f7d9d21d291ebce0f8,0xee805c3895eba4b267f8ec04fef92185aceb0ade,2900000000000000000
0x51f6723f0312be06132ca0f74714d32ad18f3c53ef1359169f41eaabebf25601,0x06dd30d9c825be86b4ffb5f7d9d21d291ebce0f8,0x11c605641549259ffbcecc0bcd1a1ae0c1f7251f,2900000000000000000
0x51f6723f0312be06132ca0f74714d32ad18f3c53ef1359169f41eaabebf25601,0x06dd30d9c825be86b4ffb5f7d9d21d291ebce0f8,0x3406d29cf12780833590778a0f935b429117d322,2900000000000000000
0x51f6723f0312be06132ca0f74714d32ad18f3c53ef1359169f41eaabebf25601,0x06dd30d9c825be86b4ffb5f7d9d21d291ebce0f8,0x7cbb6dd6241934ff68e130f20ddff429106e3703,2900000000000000000
0x51f6723f0312be06132ca0f74714d32ad18f3c53ef1359169f41eaabebf25601,0x06dd30d9c825be86b4ffb5f7d9d21d291ebce0f8,0x13c5fc534ef582b4ae3d4329c9f1570de3eca077,2900000000000000000
0x51f6723f0312be06132ca0f74714d32ad18f3c53ef1359169f41eaabebf25601,0x06dd30d9c825be86b4ffb5f7d9d21d291ebce0f8,0x98b0129bf9e55051eae6faaaead087f29a7dbe6f,2900000000000000000
0x51f6723f0312be06132ca0f74714d32ad18f3c53ef1359169f41eaabebf25601,0x06dd30d9c825be86b4ffb5f7d9d21d291ebce0f8,0x988069b0d02f4663659f1f9444aee73d9cd06cf8,2900000000000000000
0x51f6723f0312be06132ca0f74714d32ad18f3c53ef1359169f41eaabebf25601,0x06dd30d9c825be86b4ffb5f7d9d21d291ebce0f8,0x2bc84854ec8c997b064bcafd3b6cc45431aab3fa,2900000000000000000
0x51f6723f0312be06132ca0f74714d32ad18f3c53ef1359169f41eaabebf25601,0x06dd30d9c825be86b4ffb5f7d9d21d291ebce0f8,0x65b6acc6cd22b6786c51f0becc2ebc0cea47d8be,2900000000000000000
0x51f6723f0312be06132ca0f74714d32ad18f3c53ef1359169f41eaabebf25601,0x06dd30d9c825be86b4ffb5f7d9d21d291ebce0f8,0x1a7243115dd30ab4bfd5e2373fa7c93caaefdeee,2900000000000000000
0x51f6723f0312be06132ca0f74714d32ad18f3c53ef1359169f41eaabebf25601,0x06dd30d9c825be86b4ffb5f7d9d21d291ebce0f8,0x68ef2844ea65e6080556c2b5abcf1001ea82cd12,2900000000000000000
0x51f6723f0312be06132ca0f74714d32ad18f3c53ef1359169f41eaabebf25601,0x06dd30d9c825be86b4ffb5f7d9d21d291ebce0f8,0x097fa3a4c77bac667a8ade6c8c1094e6577a953c,2900000000000000000
0x51f6723f0312be06132ca0f74714d32ad18f3c53ef1359169f41eaabebf25601,0x06dd30d9c825be86b4ffb5f7d9d21d291ebce0f8,0x055ac07b4125c7b1c5e36aa1b1648f170f0d0210,2900000000000000000
0x51f6723f0312be06132ca0f74714d32ad18f3c53ef1359169f41eaabebf25601,0x06dd30d9c825be86b4ffb5f7d9d21d291ebce0f8,0x48bfde634c1165e08fb4954fc3382dba320d34bd,2900000000000000000
0x51f6723f0312be06132ca0f74714d32ad18f3c53ef1359169f41eaabebf25601,0x06dd30d9c825be86b4ffb5f7d9d21d291ebce0f8,0xe441619cf15a277f583915362075febc2c1a961f,2900000000000000000
0x51f6723f0312be06132ca0f74714d32ad18f3c53ef1359169f41eaabebf25601,0x06dd30d9c825be86b4ffb5f7d9d21d291ebce0f8,0xfc848a2b7f3bf337c41ea02c6b4446df9a3c6427,2900000000000000000
0x51f6723f0312be06132ca0f74714d32ad18f3c53ef1359169f41eaabebf25601,0x06dd30d9c825be86b4ffb5f7d9d21d291ebce0f8,0x62c3f81aa706314cda007d4c0261fe24266c981c,2900000000000000000
0x51f6723f0312be06132ca0f74714d32ad18f3c53ef1359169f41eaabebf25601,0x06dd30d9c825be86b4ffb5f7d9d21d291ebce0f8,0x77ac7b0672e8e6678804c110d197fb2706ee80d2,2900000000000000000
0x51f6723f0312be06132ca0f74714d32ad18f3c53ef1359169f41eaabebf25601,0x06dd30d9c825be86b4ffb5f7d9d21d291ebce0f8,0xb124bdc0568e61824042c24d824a81b70df27713,2900000000000000000
0x51f6723f0312be06132ca0f74714d32ad18f3c53ef1359169f41eaabebf25601,0x06dd30d9c825be86b4ffb5f7d9d21d291ebce0f8,0x7f337e38873668e260a258b18ec68d8521349efe,2900000000000000000
0x51f6723f0312be06132ca0f74714d32ad18f3c53ef1359169f41eaabebf25601,0x06dd30d9c825be86b4ffb5f7d9d21d291ebce0f8,0xf5858f7b2a8b1b30314d77638d1f5c09a9022aac,2900000000000000000
0x51f6723f0312be06132ca0f74714d32ad18f3c53ef1359169f41eaabebf25601,0x06dd30d9c825be86b4ffb5f7d9d21d291ebce0f8,0x7167ace3a9eddec833b756828c9a8b6db67c1a96,2900000000000000000
0x51f6723f0312be06132ca0f74714d32ad18f3c53ef1359169f41eaabebf25601,0x06dd30d9c825be86b4ffb5f7d9d21d291ebce0f8,0xec60d70d9a64bc1cad4eaea061b259d492b28f51,2900000000000000000
0x51f6723f0312be06132ca0f74714d32ad18f3c53ef1359169f41eaabebf25601,0x06dd30d9c825be86b4ffb5f7d9d21d291ebce0f8,0x1b7a36098abbb686077e502f748436a97aa27810,2900000000000000000
0x51f6723f0312be06132ca0f74714d32ad18f3c53ef1359169f41eaabebf25601,0x06dd30d9c825be86b4ffb5f7d9d21d291ebce0f8,0x524fa01500b84bfb73c7c154dee84c84994c15ce,2900000000000000000
0x51f6723f0312be06132ca0f74714d32ad18f3c53ef1359169f41eaabebf25601,0x06dd30d9c825be86b4ffb5f7d9d21d291ebce0f8,0xd098f32f7d6445bbf0d66f74f1806288a090fe2b,2900000000000000000
0x51f6723f0312be06132ca0f74714d32ad18f3c53ef1359169f41eaabebf25601,0x06dd30d9c825be86b4ffb5f7d9d21d291ebce0f8,0x973d19d1d1a0a5aac03292f3e6203e710dab1042,2900000000000000000
0x51f6723f0312be06132ca0f74714d32ad18f3c53ef1359169f41eaabebf25601,0x06dd30d9c825be86b4ffb5f7d9d21d291ebce0f8,0xd39b370a1f94f7fa0116b97dbd69faa151ce5f85,2900000000000000000
0x51f6723f0312be06132ca0f74714d32ad18f3c53ef1359169f41eaabebf25601,0x06dd30d9c825be86b4ffb5f7d9d21d291ebce0f8,0x931ff38d01497f46d948e2e6ce7f1e1910240f93,2900000000000000000
0x51f6723f0312be06132ca0f74714d32ad18f3c53ef1359169f41eaabebf25601,0x06dd30d9c825be86b4ffb5f7d9d21d291ebce0f8,0xcd90a9e6a6f248ab57e50e3b9174ce9615887896,2900000000000000000
0x51f6723f0312be06132ca0f74714d32ad18f3c53ef1359169f41eaabebf25601,0x06dd30d9c825be86b4ffb5f7d9d21d291ebce0f8,0xaf7139f0ec4f546c7b387c227469829d36314ca5,2900000000000000000
0x51f6723f0312be06132ca0f74714d32ad18f3c53ef1359169f41eaabebf25601,0x06dd30d9c825be86b4ffb5f7d9d21d291ebce0f8,0x253e34f9b36f5666e8ec3ac8021d302a0f8f0f86,2900000000000000000
0x51f6723f0312be06132ca0f74714d32ad18f3c53ef1359169f41eaabebf25601,0x06dd30d9c825be86b4ffb5f7d9d21d291ebce0f8,0x408dfd4d8fb0f1ecc804c783b7c61f01b8120169,2900000000000000000
0x51f6723f0312be06132ca0f74714d32ad18f3c53ef1359169f41eaabebf25601,0x06dd30d9c825be86b4ffb5f7d9d21d291ebce0f8,0x9f1b5120fbe8193142ee3d30a47205a57919093d,2900000000000000000
0x51f6723f0312be06132ca0f74714d32ad18f3c53ef1359169f41eaabebf25601,0x06dd30d9c825be86b4ffb5f7d9d21d291ebce0f8,0x663ddc542317eb2ecd0fc207ba08b1d77087f32b,2900000000000000000
0x51f6723f0312be06132ca0f74714d32ad18f3c53ef1359169f41eaabebf25601,0x06dd30d9c825be86b4ffb5f7d9d21d291ebce0f8,0xaed610f7fa950f79e01f133d30971f080d98a3d6,2900000000000000000
0x51f6723f0312be06132ca0f74714d32ad18f3c53ef1359169f41eaabebf25601,0x06dd30d9c825be86b4ffb5f7d9d21d291ebce0f8,0x48dfaf395857b223e845bfc5a48248a3ace1520a,2900000000000000000
0x51f6723f0312be06132ca0f74714d32ad18f3c53ef1359169f41eaabebf25601,0x06dd30d9c825be86b4ffb5f7d9d21d291ebce0f8,0xef5995adac3168f79a043925ee67a0b21d67d64f,2900000000000000000
0x51f6723f0312be06132ca0f74714d32ad18f3c53ef1359169f41eaabebf25601,0x06dd30d9c825be86b4ffb5f7d9d21d291ebce0f8,0x5cd5d567643573db1708491fe35830eccbed4a0c,2900000000000000000
0x51f6723f0312be06132ca0f74714d32ad18f3c53ef1359169f41eaabebf25601,0x06dd30d9c825be86b4ffb5f7d9d21d291ebce0f8,0x12d3d1732f629d419bfa2887bac3eba00e6f91c0,2900000000000000000
0x51f6723f0312be06132ca0f74714d32ad18f3c53ef1359169f41eaabebf25601,0x06dd30d9c825be86b4ffb5f7d9d21d291ebce0f8,0x9e64da179c166e24bf730e879949c22bf283dd89,2900000000000000000
0x51f6723f0312be06132ca0f74714d32ad18f3c53ef1359169f41eaabebf25601,0x06dd30d9c825be86b4ffb5f7d9d21d291ebce0f8,0xcfc424993e3459800b5cee46e9caebb362802ec7,2900000000000000000
0x51f6723f0312be06132ca0f74714d32ad18f3c53ef1359169f41eaabebf25601,0x06dd30d9c825be86b4ffb5f7d9d21d291ebce0f8,0x44f99734597d4926a5fdc2dd57f0e11c704b1ce4,2900000000000000000
0x51f6723f0312be06132ca0f74714d32ad18f3c53ef1359169f41eaabebf25601,0x06dd30d9c825be86b4ffb5f7d9d21d291ebce0f8,0x88601c1227241435143cce8c0603a98738a2c902,2900000000000000000
0x51f6723f0312be06132ca0f74714d32ad18f3c53ef1359169f41eaabebf25601,0x06dd30d9c825be86b4ffb5f7d9d21d291ebce0f8,0x122a62ccd7bd0a6c71b69488d9e1983c422221fd,2900000000000000000
0x51f6723f0312be06132ca0f74714d32ad18f3c53ef1359169f41eaabebf25601,0x06dd30d9c825be86b4ffb5f7d9d21d291ebce0f8,0xb35b97c6df321c7ac826799c9fb014e98a08a364,2900000000000000000
0x51f6723f0312be06132ca0f74714d32ad18f3c53ef1359169f41eaabebf25601,0x06dd30d9c825be86b4ffb5f7d9d21d291ebce0f8,0x9034582bbdd5c57bd496267bc5968570daf1985d,2900000000000000000
0x51f6723f0312be06132ca0f74714d32ad18f3c53ef1359169f41eaabebf25601,0x06dd30d9c825be86b4ffb5f7d9d21d291ebce0f8,0xc401d74d3bcc899174e70511814e22ffa4fe2276,2900000000000000000
0x51f6723f0312be06132ca0f74714d32ad18f3c53ef1359169f41eaabebf25601,0x06dd30d9c825be86b4ffb5f7d9d21d291ebce0f8,0x2a057b9d0c51465365595ec8c55594390d17fffb,2900000000000000000
0x51f6723f0312be06132ca0f74714d32ad18f3c53ef1359169f41eaabebf25601,0x06dd30d9c825be86b4ffb5f7d9d21d291ebce0f8,0xe8b782e2413a5e1e4b55944eac123dc85b43237e,2900000000000000000
0x51f6723f0312be06132ca0f74714d32ad18f3c53ef1359169f41eaabebf25601,0x06dd30d9c825be86b4ffb5f7d9d21d291ebce0f8,0xfb5319289071f58d5b21ba862bcebed8d2e486a0,2900000000000000000
0x51f6723f0312be06132ca0f74714d32ad18f3c53ef1359169f41eaabebf25601,0x06dd30d9c825be86b4ffb5f7d9d21d291ebce0f8,0x63f332b666e6c3416e72c61d42decfc3f585b0c4,2900000000000000000
0x51f6723f0312be06132ca0f74714d32ad18f3c53ef1359169f41eaabebf25601,0x06dd30d9c825be86b4ffb5f7d9d21d291ebce0f8,0xde9bf6ef717b4d233dc464c1452eacf31ba93a4d,2900000000000000000
0x51f6723f0312be06132ca0f74714d32ad18f3c53ef1359169f41eaabebf25601,0x06dd30d9c825be86b4ffb5f7d9d21d291ebce0f8,0x3ea089f571287e69cded612132953007092157f0,2900000000000000000
0x51f6723f0312be06132ca0f74714d32ad18f3c53ef1359169f41eaabebf25601,0x06dd30d9c825be86b4ffb5f7d9d21d291ebce0f8,0xd8a2def40c5189b6ef3e8bd1398acc76cabf63b5,2900000000000000000
0x51f6723f0312be06132ca0f74714d32ad18f3c53ef1359169f41eaabebf25601,0x06dd30d9c825be86b4ffb5f7d9d21d291ebce0f8,0x15bdd77fb2e82556badcd354acfa25793410d527,2900000000000000000
0x51f6723f0312be06132ca0f74714d32ad18f3c53ef1359169f41eaabebf25601,0x06dd30d9c825be86b4ffb5f7d9d21d291ebce0f8,0x5b860adae171060e0c7f3e576c92f88d0332660c,2900000000000000000
0x51f6723f0312be06132ca0f74714d32ad18f3c53ef1359169f41eaabebf25601,0x06dd30d9c825be86b4ffb5f7d9d21d291ebce0f8,0x405b884e2124cf9fd4e7276aace78bd53c47a19b,2900000000000000000
0x51f6723f0312be06132ca0f74714d32ad18f3c53ef1359169f41eaabebf25601,0x06dd30d9c825be86b4ffb5f7d9d21d291ebce0f8,0x056a98e168969b12fbf1f7837f33728497eff6d4,2900000000000000000
0x51f6723f0312be06132ca0f74714d32ad18f3c53ef1359169f41eaabebf25601,0x06dd30d9c825be86b4ffb5f7d9d21d291ebce0f8,0x83ecf0dbd83b66e3a447fa840445f6a7f3fc0354,2900000000000000000
0x51f6723f0312be06132ca0f74714d32ad18f3c53ef1359169f41eaabebf25601,0x06dd30d9c825be86b4ffb5f7d9d21d291ebce0f8,0x28bcc6b3c360c29d25784276713025b3162e7f70,2900000000000000000
0x51f6723f0312be06132ca0f74714d32ad18f3c53ef1359169f41eaabebf25601,0x06dd30d9c825be86b4ffb5f7d9d21d291ebce0f8,0x556a0457699c4d539bf2837fc9b8f5c1468e0603,2900000000000000000
0x09b8db2c1b69309c32971416fe8e7f983e2c789767d96803f6c64b27c3603fb2,0x06dd30d9c825be86b4ffb5f7d9d21d291ebce0f8,0xf210d74f01983f741e13990a034d8092e26aae4e,2840000000000000000
0x09b8db2c1b69309c32971416fe8e7f983e2c789767d96803f6c64b27c3603fb2,0x06dd30d9c825be86b4ffb5f7d9d21d291ebce0f8,0x3549d4a56d5e468e28dbea6f7a613b8a5c3e8673,2840000000000000000
0x09b8db2c1b69309c32971416fe8e7f983e2c789767d96803f6c64b27c3603fb2,0x06dd30d9c825be86b4ffb5f7d9d21d291ebce0f8,0x029f5c39a5a3f20fcb102ca75967cbd4b367765b,2840000000000000000
0x09b8db2c1b69309c32971416fe8e7f983e2c789767d96803f6c64b27c3603fb2,0x06dd30d9c825be86b4ffb5f7d9d21d291ebce0f8,0xafdb7474ba661bd930c6c465330c5fff524b8df6,2840000000000000000
0x09b8db2c1b69309c32971416fe8e7f983e2c789767d96803f6c64b27c3603fb2,0x06dd30d9c825be86b4ffb5f7d9d21d291ebce0f8,0x7a6f72d2d687bb6c1aa9c3efd627b6d22fee49f2,2840000000000000000
0x09b8db2c1b69309c32971416fe8e7f983e2c789767d96803f6c64b27c3603fb2,0x06dd30d9c825be86b4ffb5f7d9d21d291ebce0f8,0x6947580d11711573fe3b69c15c70032e86a59f31,2840000000000000000
0x09b8db2c1b69309c32971416fe8e7f983e2c789767d96803f6c64b27c3603fb2,0x06dd30d9c825be86b4ffb5f7d9d21d291ebce0f8,0xec34a7657eac149214ffdba89662e33f23bf81ae,2840000000000000000
0x09b8db2c1b69309c32971416fe8e7f983e2c789767d96803f6c64b27c3603fb2,0x06dd30d9c825be86b4ffb5f7d9d21d291ebce0f8,0xaaaa528423fb37f2aecea7114ef73dda129e4707,2840000000000000000
0x09b8db2c1b69309c32971416fe8e7f983e2c789767d96803f6c64b27c3603fb2,0x06dd30d9c825be86b4ffb5f7d9d21d291ebce0f8,0x34c40d28fb7b85baee4062432e02b7d8b6672b2f,2840000000000000000
0x09b8db2c1b69309c32971416fe8e7f983e2c789767d96803f6c64b27c3603fb2,0x06dd30d9c825be86b4ffb5f7d9d21d291ebce0f8,0xff28d19ab8c15f8bb290315d00b9553c9b257b43,2840000000000000000
0x09b8db2c1b69309c32971416fe8e7f983e2c789767d96803f6c64b27c3603fb2,0x06dd30d9c825be86b4ffb5f7d9d21d291ebce0f8,0x20fc25d648391f4620f22a46e191051c8f77fbf5,2840000000000000000
0x09b8db2c1b69309c32971416fe8e7f983e2c789767d96803f6c64b27c3603fb2,0x06dd30d9c825be86b4ffb5f7d9d21d291ebce0f8,0xb931a507ed8fa742791426870d3e3f48b6328c5f,2840000000000000000
0x09b8db2c1b69309c32971416fe8e7f983e2c789767d96803f6c64b27c3603fb2,0x06dd30d9c825be86b4ffb5f7d9d21d291ebce0f8,0xacb3d920eba78f389c46e5f2b52992ae4a5504c1,2840000000000000000
0x09b8db2c1b69309c32971416fe8e7f983e2c789767d96803f6c64b27c3603fb2,0x06dd30d9c825be86b4ffb5f7d9d21d291ebce0f8,0x1eb0d8ac0451385af28534e5457a48406fa8ce3f,2840000000000000000
0x09b8db2c1b69309c32971416fe8e7f983e2c789767d96803f6c64b27c3603fb2,0x06dd30d9c825be86b4ffb5f7d9d21d291ebce0f8,0x091c90b907cb86c5f98aadd8158e239c94d6a2eb,2840000000000000000
0x09b8db2c1b69309c32971416fe8e7f983e2c789767d96803f6c64b27c3603fb2,0x06dd30d9c825be86b4ffb5f7d9d21d291ebce0f8,0x932da771acbeb86c9b017eaeadd287f394b6cf7b,2840000000000000000
0x09b8db2c1b69309c32971416fe8e7f983e2c789767d96803f6c64b27c3603fb2,0x06dd30d9c825be86b4ffb5f7d9d21d291ebce0f8,0x66e73936f6a709076072b4c46e34f603f428d694,2840000000000000000
0x09b8db2c1b69309c32971416fe8e7f983e2c789767d96803f6c64b27c3603fb2,0x06dd30d9c825be86b4ffb5f7d9d21d291ebce0f8,0x2ad908a86d333b56fbbe3e0d6efbba8dbc3b3980,2840000000000000000
0x09b8db2c1b69309c32971416fe8e7f983e2c789767d96803f6c64b27c3603fb2,0x06dd30d9c825be86b4ffb5f7d9d21d291ebce0f8,0xc69dcf73332f410bee5d90260658e994ae3e9daf,2840000000000000000
0x09b8db2c1b69309c32971416fe8e7f983e2c789767d96803f6c64b27c3603fb2,0x06dd30d9c825be86b4ffb5f7d9d21d291ebce0f8,0xbcb96f29111b8c1d0006c4dd4fa58d9d3117510f,2840000000000000000
0x09b8db2c1b69309c32971416fe8e7f983e2c789767d96803f6c64b27c3603fb2,0x06dd30d9c825be86b4ffb5f7d9d21d291ebce0f8,0xd197677d37cb5cfc62ec81f52cdb0788cf5c486e,2840000000000000000
0x09b8db2c1b69309c32971416fe8e7f983e2c789767d96803f6c64b27c3603fb2,0x06dd30d9c825be86b4ffb5f7d9d21d291ebce0f8,0xac170f5e10bcb57b1aa4c0fced2aac75c0b3d3c8,2840000000000000000
0x09b8db2c1b69309c32971416fe8e7f983e2c789767d96803f6c64b27c3603fb2,0x06dd30d9c825be86b4ffb5f7d9d21d291ebce0f8,0xb406cac2d1f0054f312ff97442fc94214e6bd723,2840000000000000000
0x09b8db2c1b69309c32971416fe8e7f983e2c789767d96803f6c64b27c3603fb2,0x06dd30d9c825be86b4ffb5f7d9d21d291ebce0f8,0xdf135c8a0c4290e827ff36278fbb4e241ee91967,2840000000000000000
0x09b8db2c1b69309c32971416fe8e7f983e2c789767d96803f6c64b27c3603fb2,0x06dd30d9c825be86b4ffb5f7d9d21d291ebce0f8,0x89dba62742601f514c2293caf08cf1091a00cd2f,2840000000000000000
0x09b8db2c1b69309c32971416fe8e7f983e2c789767d96803f6c64b27c3603fb2,0x06dd30d9c825be86b4ffb5f7d9d21d291ebce0f8,0xfb4d4823c6882421c754e5540abcb70e3613ec6c,2840000000000000000
0x09b8db2c1b69309c32971416fe8e7f983e2c789767d96803f6c64b27c3603fb2,0x06dd30d9c825be86b4ffb5f7d9d21d291ebce0f8,0xb759686d82f3aa077219fbfcc757b581b5d093b5,2840000000000000000
0x09b8db2c1b69309c32971416fe8e7f983e2c789767d96803f6c64b27c3603fb2,0x06dd30d9c825be86b4ffb5f7d9d21d291ebce0f8,0x6572d2932bfba2784815be552ced78873e07d5ac,2840000000000000000
0x09b8db2c1b69309c32971416fe8e7f983e2c789767d96803f6c64b27c3603fb2,0x06dd30d9c825be86b4ffb5f7d9d21d291ebce0f8,0x762272d2328f45fee39d5cb936358df3a8c3b2e5,2840000000000000000
0x09b8db2c1b69309c32971416fe8e7f983e2c789767d96803f6c64b27c3603fb2,0x06dd30d9c825be86b4ffb5f7d9d21d291ebce0f8,0xe8b610284d5c22daa32730451beaed885728d9aa,2840000000000000000
0x09b8db2c1b69309c32971416fe8e7f983e2c789767d96803f6c64b27c3603fb2,0x06dd30d9c825be86b4ffb5f7d9d21d291ebce0f8,0x5297cec3dbd0732a22732e2d808de41826343a3e,2840000000000000000
0x09b8db2c1b69309c32971416fe8e7f983e2c789767d96803f6c64b27c3603fb2,0x06dd30d9c825be86b4ffb5f7d9d21d291ebce0f8,0xfb89a8e5a460d0778cf55a47db44928393f5864c,2840000000000000000
0x09b8db2c1b69309c32971416fe8e7f983e2c789767d96803f6c64b27c3603fb2,0x06dd30d9c825be86b4ffb5f7d9d21d291ebce0f8,0xea561c6132f28409ebce45e36dbdf4058a022900,2840000000000000000
0x09b8db2c1b69309c32971416fe8e7f983e2c789767d96803f6c64b27c3603fb2,0x06dd30d9c825be86b4ffb5f7d9d21d291ebce0f8,0x3378284ff119b9651910a829315ba432b93f4f68,2840000000000000000
0x09b8db2c1b69309c32971416fe8e7f983e2c789767d96803f6c64b27c3603fb2,0x06dd30d9c825be86b4ffb5f7d9d21d291ebce0f8,0x90bde752e15651f5137c401606827afbba479927,2840000000000000000
0x09b8db2c1b69309c32971416fe8e7f983e2c789767d96803f6c64b27c3603fb2,0x06dd30d9c825be86b4ffb5f7d9d21d291ebce0f8,0x1ae52270de3f0437fdc405a2c8e19533a68aed6f,2840000000000000000
0x09b8db2c1b69309c32971416fe8e7f983e2c789767d96803f6c64b27c3603fb2,0x06dd30d9c825be86b4ffb5f7d9d21d291ebce0f8,0x59413002d4a49e74d091d0e88add5d1505259a27,2840000000000000000
0x09b8db2c1b69309c32971416fe8e7f983e2c789767d96803f6c64b27c3603fb2,0x06dd30d9c825be86b4ffb5f7d9d21d291ebce0f8,0x7f935da0f2bf6d033653714454859d67e643ca61,2840000000000000000
0x09b8db2c1b69309c32971416fe8e7f983e2c789767d96803f6c64b27c3603fb2,0x06dd30d9c825be86b4ffb5f7d9d21d291ebce0f8,0xee805c3895eba4b267f8ec04fef92185aceb0ade,2840000000000000000
0x09b8db2c1b69309c32971416fe8e7f983e2c789767d96803f6c64b27c3603fb2,0x06dd30d9c825be86b4ffb5f7d9d21d291ebce0f8,0x11c605641549259ffbcecc0bcd1a1ae0c1f7251f,2840000000000000000
0x09b8db2c1b69309c32971416fe8e7f983e2c789767d96803f6c64b27c3603fb2,0x06dd30d9c825be86b4ffb5f7d9d21d291ebce0f8,0x3406d29cf12780833590778a0f935b429117d322,2840000000000000000
0x09b8db2c1b69309c32971416fe8e7f983e2c789767d96803f6c64b27c3603fb2,0x06dd30d9c825be86b4ffb5f7d9d21d291ebce0f8,0x7cbb6dd6241934ff68e130f20ddff429106e3703,2840000000000000000
0x09b8db2c1b69309c32971416fe8e7f983e2c789767d96803f6c64b27c3603fb2,0x06dd30d9c825be86b4ffb5f7d9d21d291ebce0f8,0x13c5fc534ef582b4ae3d4329c9f1570de3eca077,2840000000000000000
0x09b8db2c1b69309c32971416fe8e7f983e2c789767d96803f6c64b27c3603fb2,0x06dd30d9c825be86b4ffb5f7d9d21d291ebce0f8,0x98b0129bf9e55051eae6faaaead087f29a7dbe6f,2840000000000000000
0x09b8db2c1b69309c32971416fe8e7f983e2c789767d96803f6c64b27c3603fb2,0x06dd30d9c825be86b4ffb5f7d9d21d291ebce0f8,0x988069b0d02f4663659f1f9444aee73d9cd06cf8,2840000000000000000
0x09b8db2c1b69309c32971416fe8e7f983e2c789767d96803f6c64b27c3603fb2,0x06dd30d9c825be86b4ffb5f7d9d21d291ebce0f8,0x2bc84854ec8c997b064bcafd3b6cc45431aab3fa,2840000000000000000
0x09b8db2c1b69309c32971416fe8e7f983e2c789767d96803f6c64b27c3603fb2,0x06dd30d9c825be86b4ffb5f7d9d21d291ebce0f8,0x65b6acc6cd22b6786c51f0becc2ebc0cea47d8be,2840000000000000000
0x09b8db2c1b69309c32971416fe8e7f983e2c789767d96803f6c64b27c3603fb2,0x06dd30d9c825be86b4ffb5f7d9d21d291ebce0f8,0x1a7243115dd30ab4bfd5e2373fa7c93caaefdeee,2840000000000000000
0x09b8db2c1b69309c32971416fe8e7f983e2c789767d96803f6c64b27c3603fb2,0x06dd30d9c825be86b4ffb5f7d9d21d291ebce0f8,0x68ef2844ea65e6080556c2b5abcf1001ea82cd12,2840000000000000000
0x09b8db2c1b69309c32971416fe8e7f983e2c789767d96803f6c64b27c3603fb2,0x06dd30d9c825be86b4ffb5f7d9d21d291ebce0f8,0x097fa3a4c77bac667a8ade6c8c1094e6577a953c,2840000000000000000
0x09b8db2c1b69309c32971416fe8e7f983e2c789767d96803f6c64b27c3603fb2,0x06dd30d9c825be86b4ffb5f7d9d21d291ebce0f8,0x055ac07b4125c7b1c5e36aa1b1648f170f0d0210,2840000000000000000
0x09b8db2c1b69309c32971416fe8e7f983e2c789767d96803f6c64b27c3603fb2,0x06dd30d9c825be86b4ffb5f7d9d21d291ebce0f8,0x48bfde634c1165e08fb4954fc3382dba320d34bd,2840000000000000000
0x09b8db2c1b69309c32971416fe8e7f983e2c789767d96803f6c64b27c3603fb2,0x06dd30d9c825be86b4ffb5f7d9d21d291ebce0f8,0xe441619cf15a277f583915362075febc2c1a961f,2840000000000000000
0x09b8db2c1b69309c32971416fe8e7f983e2c789767d96803f6c64b27c3603fb2,0x06dd30d9c825be86b4ffb5f7d9d21d291ebce0f8,0xfc848a2b7f3bf337c41ea02c6b4446df9a3c6427,2840000000000000000
0x09b8db2c1b69309c32971416fe8e7f983e2c789767d96803f6c64b27c3603fb2,0x06dd30d9c825be86b4ffb5f7d9d21d291ebce0f8,0x62c3f81aa706314cda007d4c0261fe24266c981c,2840000000000000000
0x09b8db2c1b69309c32971416fe8e7f983e2c789767d96803f6c64b27c3603fb2,0x06dd30d9c825be86b4ffb5f7d9d21d291ebce0f8,0x77ac7b0672e8e6678804c110d197fb2706ee80d2,2840000000000000000
0x09b8db2c1b69309c32971416fe8e7f983e2c789767d96803f6c64b27c3603fb2,0x06dd30d9c825be86b4ffb5f7d9d21d291ebce0f8,0xb124bdc0568e61824042c24d824a81b70df27713,2840000000000000000
0x09b8db2c1b69309c32971416fe8e7f983e2c789767d96803f6c64b27c3603fb2,0x06dd30d9c825be86b4ffb5f7d9d21d291ebce0f8,0x7f337e38873668e260a258b18ec68d8521349efe,2840000000000000000
0x09b8db2c1b69309c32971416fe8e7f983e2c789767d96803f6c64b27c3603fb2,0x06dd30d9c825be86b4ffb5f7d9d21d291ebce0f8,0xf5858f7b2a8b1b30314d77638d1f5c09a9022aac,2840000000000000000
0x09b8db2c1b69309c32971416fe8e7f983e2c789767d96803f6c64b27c3603fb2,0x06dd30d9c825be86b4ffb5f7d9d21d291ebce0f8,0x7167ace3a9eddec833b756828c9a8b6db67c1a96,2840000000000000000
0x09b8db2c1b69309c32971416fe8e7f983e2c789767d96803f6c64b27c3603fb2,0x06dd30d9c825be86b4ffb5f7d9d21d291ebce0f8,0xec60d70d9a64bc1cad4eaea061b259d492b28f51,2840000000000000000
0x09b8db2c1b69309c32971416fe8e7f983e2c789767d96803f6c64b27c3603fb2,0x06dd30d9c825be86b4ffb5f7d9d21d291ebce0f8,0x1b7a36098abbb686077e502f748436a97aa27810,2840000000000000000
0x09b8db2c1b69309c32971416fe8e7f983e2c789767d96803f6c64b27c3603fb2,0x06dd30d9c825be86b4ffb5f7d9d21d291ebce0f8,0x524fa01500b84bfb73c7c154dee84c84994c15ce,2840000000000000000
0x09b8db2c1b69309c32971416fe8e7f983e2c789767d96803f6c64b27c3603fb2,0x06dd30d9c825be86b4ffb5f7d9d21d291ebce0f8,0xd098f32f7d6445bbf0d66f74f1806288a090fe2b,2840000000000000000
0x09b8db2c1b69309c32971416fe8e7f983e2c789767d96803f6c64b27c3603fb2,0x06dd30d9c825be86b4ffb5f7d9d21d291ebce0f8,0x973d19d1d1a0a5aac03292f3e6203e710dab1042,2840000000000000000
0x09b8db2c1b69309c32971416fe8e7f983e2c789767d96803f6c64b27c3603fb2,0x06dd30d9c825be86b4ffb5f7d9d21d291ebce0f8,0xd39b370a1f94f7fa0116b97dbd69faa151ce5f85,2840000000000000000
0x09b8db2c1b69309c32971416fe8e7f983e2c789767d96803f6c64b27c3603fb2,0x06dd30d9c825be86b4ffb5f7d9d21d291ebce0f8,0x931ff38d01497f46d948e2e6ce7f1e1910240f93,2840000000000000000
0x09b8db2c1b69309c32971416fe8e7f983e2c789767d96803f6c64b27c3603fb2,0x06dd30d9c825be86b4ffb5f7d9d21d291ebce0f8,0xcd90a9e6a6f248ab57e50e3b9174ce9615887896,2840000000000000000
0x09b8db2c1b69309c32971416fe8e7f983e2c789767d96803f6c64b27c3603fb2,0x06dd30d9c825be86b4ffb5f7d9d21d291ebce0f8,0xaf7139f0ec4f546c7b387c227469829d36314ca5,2840000000000000000
0x09b8db2c1b69309c32971416fe8e7f983e2c789767d96803f6c64b27c3603fb2,0x06dd30d9c825be86b4ffb5f7d9d21d291ebce0f8,0x253e34f9b36f5666e8ec3ac8021d302a0f8f0f86,2840000000000000000
0x09b8db2c1b69309c32971416fe8e7f983e2c789767d96803f6c64b27c3603fb2,0x06dd30d9c825be86b4ffb5f7d9d21d291ebce0f8,0x408dfd4d8fb0f1ecc804c783b7c61f01b8120169,2840000000000000000
0x09b8db2c1b69309c32971416fe8e7f983e2c789767d96803f6c64b27c3603fb2,0x06dd30d9c825be86b4ffb5f7d9d21d291ebce0f8,0x9f1b5120fbe8193142ee3d30a47205a57919093d,2840000000000000000
0x09b8db2c1b69309c32971416fe8e7f983e2c789767d96803f6c64b27c3603fb2,0x06dd30d9c825be86b4ffb5f7d9d21d291ebce0f8,0x663ddc542317eb2ecd0fc207ba08b1d77087f32b,2840000000000000000
0x09b8db2c1b69309c32971416fe8e7f983e2c789767d96803f6c64b27c3603fb2,0x06dd30d9c825be86b4ffb5f7d9d21d291ebce0f8,0xaed610f7fa950f79e01f133d30971f080d98a3d6,2840000000000000000
0x09b8db2c1b69309c32971416fe8e7f983e2c789767d96803f6c64b27c3603fb2,0x06dd30d9c825be86b4ffb5f7d9d21d291ebce0f8,0x48dfaf395857b223e845bfc5a48248a3ace1520a,2840000000000000000
0x09b8db2c1b69309c32971416fe8e7f983e2c789767d96803f6c64b27c3603fb2,0x06dd30d9c825be86b4ffb5f7d9d21d291ebce0f8,0xef5995adac3168f79a043925ee67a0b21d67d64f,2840000000000000000
0x09b8db2c1b69309c32971416fe8e7f983e2c789767d96803f6c64b27c3603fb2,0x06dd30d9c825be86b4ffb5f7d9d21d291ebce0f8,0x5cd5d567643573db1708491fe35830eccbed4a0c,2840000000000000000
0x09b8db2c1b69309c32971416fe8e7f983e2c789767d96803f6c64b27c3603fb2,0x06dd30d9c825be86b4ffb5f7d9d21d291ebce0f8,0x12d3d1732f629d419bfa2887bac3eba00e6f91c0,2840000000000000000
0x09b8db2c1b69309c32971416fe8e7f983e2c789767d96803f6c64b27c3603fb2,0x06dd30d9c825be86b4ffb5f7d9d21d291ebce0f8,0x9e64da179c166e24bf730e879949c22bf283dd89,2840000000000000000
0x09b8db2c1b69309c32971416fe8e7f983e2c789767d96803f6c64b27c3603fb2,0x06dd30d9c825be86b4ffb5f7d9d21d291ebce0f8,0xcfc424993e3459800b5cee46e9caebb362802ec7,2840000000000000000
0x09b8db2c1b69309c32971416fe8e7f983e2c789767d96803f6c64b27c3603fb2,0x06dd30d9c825be86b4ffb5f7d9d21d291ebce0f8,0x44f99734597d4926a5fdc2dd57f0e11c704b1ce4,2840000000000000000
0x09b8db2c1b69309c32971416fe8e7f983e2c789767d96803f6c64b27c3603fb2,0x06dd30d9c825be86b4ffb5f7d9d21d291ebce0f8,0x88601c1227241435143cce8c0603a98738a2c902,2840000000000000000
0x09b8db2c1b69309c32971416fe8e7f983e2c789767d96803f6c64b27c3603fb2,0x06dd30d9c825be86b4ffb5f7d9d21d291ebce0f8,0x122a62ccd7bd0a6c71b69488d9e1983c422221fd,2840000000000000000
0x09b8db2c1b69309c32971416fe8e7f983e2c789767d96803f6c64b27c3603fb2,0x06dd30d9c825be86b4ffb5f7d9d21d291ebce0f8,0xb35b97c6df321c7ac826799c9fb014e98a08a364,2840000000000000000
0x09b8db2c1b69309c32971416fe8e7f983e2c789767d96803f6c64b27c3603fb2,0x06dd30d9c825be86b4ffb5f7d9d21d291ebce0f8,0x9034582bbdd5c57bd496267bc5968570daf1985d,2840000000000000000
0x09b8db2c1b69309c32971416fe8e7f983e2c789767d96803f6c64b27c3603fb2,0x06dd30d9c825be86b4ffb5f7d9d21d291ebce0f8,0xc401d74d3bcc899174e70511814e22ffa4fe2276,2840000000000000000
0x09b8db2c1b69309c32971416fe8e7f983e2c789767d96803f6c64b27c3603fb2,0x06dd30d9c825be86b4ffb5f7d9d21d291ebce0f8,0x2a057b9d0c51465365595ec8c55594390d17fffb,2840000000000000000
0x09b8db2c1b69309c32971416fe8e7f983e2c789767d96803f6c64b27c3603fb2,0x06dd30d9c825be86b4ffb5f7d9d21d291ebce0f8,0xe8b782e2413a5e1e4b55944eac123dc85b43237e,2840000000000000000
0x09b8db2c1b69309c32971416fe8e7f983e2c789767d96803f6c64b27c3603fb2,0x06dd30d9c825be86b4ffb5f7d9d21d291ebce0f8,0xfb5319289071f58d5b21ba862bcebed8d2e486a0,2840000000000000000
0x09b8db2c1b69309c32971416fe8e7f983e2c789767d96803f6c64b27c3603fb2,0x06dd30d9c825be86b4ffb5f7d9d21d291ebce0f8,0x63f332b666e6c3416e72c61d42decfc3f585b0c4,2840000000000000000
0x09b8db2c1b69309c32971416fe8e7f983e2c789767d96803f6c64b27c3603fb2,0x06dd30d9c825be86b4ffb5f7d9d21d291ebce0f8,0xde9bf6ef717b4d233dc464c1452eacf31ba93a4d,2840000000000000000
0x09b8db2c1b69309c32971416fe8e7f983e2c789767d96803f6c64b27c3603fb2,0x06dd30d9c825be86b4ffb5f7d9d21d291ebce0f8,0x3ea089f571287e69cded612132953007092157f0,2840000000000000000
0x09b8db2c1b69309c32971416fe8e7f983e2c789767d96803f6c64b27c3603fb2,0x06dd30d9c825be86b4ffb5f7d9d21d291ebce0f8,0xd8a2def40c5189b6ef3e8bd1398acc76cabf63b5,2840000000000000000
0x09b8db2c1b69309c32971416fe8e7f983e2c789767d96803f6c64b27c3603fb2,0x06dd30d9c825be86b4ffb5f7d9d21d291ebce0f8,0x15bdd77fb2e82556badcd354acfa25793410d527,2840000000000000000
0x09b8db2c1b69309c32971416fe8e7f983e2c789767d96803f6c64b27c3603fb2,0x06dd30d9c825be86b4ffb5f7d9d21d291ebce0f8,0x5b860adae171060e0c7f3e576c92f88d0332660c,2840000000000000000
0x09b8db2c1b69309c32971416fe8e7f983e2c789767d96803f6c64b27c3603fb2,0x06dd30d9c825be86b4ffb5f7d9d21d291ebce0f8,0x405b884e2124cf9fd4e7276aace78bd53c47a19b,2840000000000000000
0x09b8db2c1b69309c32971416fe8e7f983e2c789767d96803f6c64b27c3603fb2,0x06dd30d9c825be86b4ffb5f7d9d21d291ebce0f8,0x056a98e168969b12fbf1f7837f33728497eff6d4,2840000000000000000
0x09b8db2c1b69309c32971416fe8e7f983e2c789767d96803f6c64b27c3603fb2,0x06dd30d9c825be86b4ffb5f7d9d21d291ebce0f8,0x83ecf0dbd83b66e3a447fa840445f6a7f3fc0354,2840000000000000000
0x09b8db2c1b69309c32971416fe8e7f983e2c789767d96803f6c64b27c3603fb2,0x06dd30d9c825be86b4ffb5f7d9d21d291ebce0f8,0x28bcc6b3c360c29d25784276713025b3162e7f70,2840000000000000000
0x09b8db2c1b69309c32971416fe8e7f983e2c789767d96803f6c64b27c3603fb2,0x06dd30d9c825be86b4ffb5f7d9d21d291ebce0f8,0x556a0457699c4d539bf2837fc9b8f5c1468e0603,2840000000000000000
