address,messages
0x1af707aceb6ca268c14c62b0990b36558ea58740,2
0x86735c571c6cbee0535301e91fb1e741e79e13e0,2
0xd1275eb5d5ea553bb52f00cf8025f07b50a66329,2
0x90bd818ca73bd410d93c0b8b9370e708d68b09a1,2
0x9ea5c377746f1398252184df88eafb4bf9d2285c,2
0x318ffab960e0ed407af4f49b82ff49106ac4e0b0,2
0xdc5ab69118d7760964943949c40e51299f02f8a9,2
0x25e925b286543467cd5a11e054b26449d2c86b09,2
0x9d54212191f466cf002e82b4f55fbf6ea8227acb,2
0x1a394e1d9c95ce9912f2ddd6dd0fbd0e766b7326,1
0xc3fe34152003f97e9e85e0280224f96648c09f00,1
0x3c07b1f74befd7af10564a692e65e5482a6a5907,1
0x1fe6852cea24f19ec3c0881d62adbaf655ea627d,1
0x9bbb59ec55bb158ad5452b05038f83e38a13d86d,1
0x1cf49a2c24656ce6be770c92f2cbef871a247f51,1
0xe958f5388c44ce1fbaa16c1c6ae9dba98fcf59e4,1
0xeea7c67e4f0e6cab3c6c83f94a617f075e315356,1
0x988e886b14a58dffa124230a489ad83f64008854,1
0x933d2914c26ba56aeeee6e13df7c89bccac6a785,1
0x1018a95a9582eae26b1afc7e3822541b27760c1f,9
0x65268d4fb73544b6056fa4f4bf20fc90e0b12a80,16
0xe65ee5600293aee2b70a60a48cd44a492ebb6974,16
0xf5ff296d4b9c856bed217ead0373cbd6480cce8b,10
0xc4a3ebc2ce0f90bfade34d46053aa0bad09dfa03,35
0x1cab2ce19ff9b27680d4a8fdd3745197004ada57,51
0xafcd07702e956b35e1da8687075903ca55283aba,51
0x15af20a4b168be3a1dbbce22ead8dea4b9844ab9,34
0x27756334f9dd3c3c0820e2f714a487158d2d4340,53
0x4007af5c02ea3640bc008ed93d0df67de6e29ed7,53
0x670d8a4e6bfdba432b0d7774dfb88f34b29fa1a3,25
0x657a38e6994cb578351376dcdb077330d00665d6,21
0x63d7edf351e6fe2b60469403ca1f1ca948fc0dcf,23
0x13cbd624af484c4c695ff0e1d0b7e125d45f2c76,18
0xcba1a275e2d858ecffaf7a87f606f74b719a8a93,440
0x78d3961a88b2366d9dbb51b61042ea44b880008a,83
0x01cf799ac566ebdc359eefbf61a7da5943b68fbb,125
0xcac2edcd082628ba3ba31b3b74537792550319e6,173
0x9b4c56c1c45dbbd1d8189c570a0f9cfbf4190524,507
0xe43fa6cbb7dda0bd863593c5e75fae9b4dcd5cd4,102
0x4880b148627764aba65667b31e6dd99622b8386b,197
0xed889826c46b30ffb66e15ff6a0b796acf85316b,251
0x996ae68efd344906049de634dd1aa7fe99ba36a0,280
0x4f1b4a2d5cf60240df3035688db8cceb97170301,5
0xee33e09ae46d84587a8a89bb7a74e70f8961058b,6
0x12a1e8f498501c2cce0967f8b9717b28492fc668,5
0x65086ca13981687a8c4ace560209a02dc8a7fb80,5
0x120f5c9cee73bc3283a506005ebe966a709d7fb9,5
0x0cb5b50549563e8f55a13aaac8dc32daf1fd5a20,7
0x03045330135d7b9c350dd1023b59ae00a033fa0e,4
0x02d4bc45e55f325a0a20f5831b60e1f55918aba8,4
0x7b0614920fc139a11dafa7da457c1f7e131bcb7f,4
0xa97284b4cff5363dd55e63900650ebadb203ac09,3
0x8fea439e83ac8f38366169e2a6ecc880cd224d91,3
0xc2dc013edd48afdcd7b872d51d55ccd1a7717e28,3
